asset_id,asset_type,manufacturer,model_year,install_date,location_id,criticality,condition_rating,replacement_cost_usd
AST000001,Elevator,Bombardier,1988,2006-10-17,LOC0002,Critical,Fair,79260
AST000002,Escalator,GE,1991,2006-03-18,LOC0013,Medium,Poor,309945
AST000003,Elevator,GE,2010,1993-01-10,LOC0020,Low,Excellent,252158
AST000004,Signal,ABB,1988,1989-01-02,LOC0004,Critical,Fair,302126
AST000005,Rail Car,Otis,2013,1993-02-25,LOC0011,Critical,Fair,172034
AST000006,Rail Car,Kawasaki,2021,2006-01-20,LOC0005,Medium,Excellent,457470
AST000007,Power Breaker,Otis,2004,2000-02-16,LOC0007,High,Fair,234474
AST000008,Rail Car,CRRC,2009,2004-12-12,LOC0016,Medium,Fair,516127
AST000009,Track Circuit,CRRC,2009,1997-09-22,LOC0008,Medium,Fair,131442
AST000010,Rail Car,Kawasaki,2025,2021-01-29,LOC0007,Medium,Poor,361424
AST000011,Switch,GE,1995,2025-12-22,LOC0025,Low,Good,241050
AST000012,Signal,Schindler,1989,1991-03-24,LOC0005,Medium,Good,200839
AST000013,Rail Car,ABB,2001,2015-04-23,LOC0005,Medium,Good,344847
AST000014,Track Circuit,Otis,2001,2000-10-01,LOC0024,Medium,Good,205124
AST000015,Switch,Bombardier,1990,1989-10-19,LOC0014,Medium,Fair,15000
AST000016,Track Circuit,GE,2004,2023-01-16,LOC0002,Critical,Poor,15000
AST000017,Track Circuit,Schindler,1985,1990-05-08,LOC0011,High,Fair,440863
AST000018,Track Circuit,Siemens,2020,1995-10-28,LOC0015,Critical,Good,434539
AST000019,Track Circuit,Kawasaki,1992,2005-11-27,LOC0007,Low,Good,533101
AST000020,Escalator,ABB,1986,2010-10-14,LOC0014,High,Good,247371
AST000021,Track Circuit,ABB,1988,1990-09-20,LOC0017,High,Fair,56105
AST000022,Vent Fan,Schindler,1991,1992-05-31,LOC0007,Medium,Good,187062
AST000023,Power Breaker,Hitachi,1992,2023-06-20,LOC0021,Low,Fair,251714
AST000024,Rail Car,Schindler,1985,2018-08-16,LOC0012,Medium,Poor,98944
AST000025,Track Circuit,Kawasaki,1993,2023-08-08,LOC0025,Medium,Fair,497286
AST000026,Rail Car,GE,1990,2008-03-03,LOC0003,Medium,Good,585925
AST000027,Power Breaker,Alstom,1996,2008-09-30,LOC0009,Medium,Good,321742
AST000028,Escalator,GE,1996,2017-11-12,LOC0019,Medium,Fair,248370
AST000029,Elevator,Alstom,1995,2004-08-01,LOC0023,High,Fair,55755
AST000030,Rail Car,GE,1994,2006-06-13,LOC0006,Low,Excellent,481965
AST000031,Rail Car,Otis,1987,1990-06-06,LOC0025,Medium,Poor,261446
AST000032,Track Circuit,Alstom,1985,1995-04-24,LOC0005,High,Fair,206625
AST000033,Escalator,Kawasaki,1990,2016-01-09,LOC0011,Low,Fair,322176
AST000034,Switch,Hitachi,2011,2020-12-25,LOC0008,Medium,Good,162143
AST000035,Escalator,Bombardier,2025,1991-11-13,LOC0011,Medium,Good,272031
AST000036,Power Breaker,Kawasaki,2020,1991-09-06,LOC0023,Low,Good,33630
AST000037,Signal,Hitachi,2000,1991-04-02,LOC0019,Medium,Good,413063
AST000038,Rail Car,Schindler,2001,2018-01-29,LOC0020,Low,Fair,234338
AST000039,Signal,Alstom,1994,1999-10-29,LOC0007,Medium,Good,423820
AST000040,Escalator,Siemens,2012,2000-06-01,LOC0024,Critical,Poor,219830
AST000041,Signal,CRRC,2011,2024-12-15,LOC0011,Critical,Poor,229570
AST000042,Power Breaker,Bombardier,2015,2004-06-28,LOC0017,Medium,Good,68152
AST000043,Signal,Alstom,2018,2018-04-20,LOC0018,Medium,Excellent,363964
AST000044,Vent Fan,Hitachi,1998,2014-11-21,LOC0017,Medium,Fair,118624
AST000045,Elevator,Alstom,2011,1993-05-21,LOC0016,High,Out of Service,177037
AST000046,Rail Car,GE,2013,2008-11-28,LOC0013,High,Poor,250157
AST000047,Elevator,Hitachi,1994,2010-12-18,LOC0017,Low,Excellent,268184
AST000048,Elevator,GE,2020,1995-08-12,LOC0023,Low,Good,15000
AST000049,Vent Fan,Schindler,1987,2020-03-06,LOC0010,Medium,Excellent,215379
AST000050,Switch,Alstom,2025,2023-05-27,LOC0013,Critical,Poor,369285
AST000051,Rail Car,Bombardier,2011,2003-06-12,LOC0005,Critical,Fair,193249
AST000052,Signal,Kawasaki,1987,1991-07-07,LOC0009,Low,Fair,216290
AST000053,Rail Car,Kawasaki,2006,2020-04-02,LOC0020,High,Fair,274361
AST000054,Switch,Alstom,1985,2021-09-20,LOC0017,Low,Good,231106
AST000055,Rail Car,Kawasaki,2011,2007-03-31,LOC0006,High,Fair,95423
AST000056,Rail Car,Bombardier,2013,2010-01-03,LOC0014,Critical,Excellent,244548
AST000057,Rail Car,Alstom,2004,1996-06-22,LOC0021,Medium,Fair,399111
AST000058,Rail Car,Kawasaki,2016,1990-07-25,LOC0004,Low,Fair,92324
AST000059,Elevator,GE,1987,2023-11-16,LOC0002,High,Fair,193828
AST000060,Elevator,Kawasaki,1993,2006-05-08,LOC0010,Medium,Good,42755
AST000061,Rail Car,ABB,1997,1998-06-13,LOC0017,High,Poor,391207
AST000062,Rail Car,Bombardier,1986,2014-05-05,LOC0008,Medium,Fair,236146
AST000063,Power Breaker,Alstom,1998,1988-12-29,LOC0021,Critical,Good,122470
AST000064,Signal,GE,1992,1997-03-22,LOC0022,Medium,Good,263840
AST000065,Signal,Hitachi,1996,2005-02-14,LOC0014,Low,Fair,69460
AST000066,Signal,Hitachi,1997,2001-12-07,LOC0010,Medium,Good,94976
AST000067,Escalator,GE,2017,1995-02-13,LOC0002,Low,Excellent,30980
AST000068,Track Circuit,GE,1992,2001-05-08,LOC0021,Medium,Good,89983
AST000069,Elevator,Alstom,2018,2000-09-08,LOC0023,High,Good,453601
AST000070,Escalator,Kawasaki,1997,2007-12-08,LOC0012,Low,Fair,140032
AST000071,Track Circuit,Schindler,1994,2009-05-20,LOC0013,Low,Fair,319934
AST000072,Power Breaker,Bombardier,2000,2021-07-22,LOC0019,Low,Good,124555
AST000073,Elevator,Kawasaki,1997,2018-08-28,LOC0018,Low,Fair,363930
AST000074,Switch,Alstom,1992,1999-02-09,LOC0004,Critical,Good,96088
AST000075,Track Circuit,Siemens,2000,2022-04-20,LOC0017,Critical,Good,255884
AST000076,Track Circuit,ABB,1989,2007-10-15,LOC0024,Low,Good,257928
AST000077,Signal,ABB,1995,1995-02-17,LOC0019,High,Fair,599171
AST000078,Signal,Hitachi,2003,2000-12-03,LOC0013,High,Poor,344564
AST000079,Power Breaker,Kawasaki,1997,2002-03-20,LOC0014,Critical,Fair,161064
AST000080,Rail Car,Schindler,2014,1995-04-17,LOC0007,Medium,Excellent,352757
AST000081,Track Circuit,Kawasaki,1992,1991-12-07,LOC0017,Medium,Good,570726
AST000082,Escalator,Alstom,2023,2014-07-20,LOC0007,Medium,Good,15000
AST000083,Rail Car,Bombardier,2012,2007-02-11,LOC0009,Critical,Poor,123628
AST000084,Power Breaker,Hitachi,2023,2005-02-21,LOC0007,High,Excellent,214465
AST000085,Elevator,ABB,2015,2019-06-28,LOC0009,Medium,Poor,187437
AST000086,Rail Car,ABB,1988,2018-03-25,LOC0010,Medium,Fair,200086
AST000087,Track Circuit,Bombardier,2001,1993-03-18,LOC0003,High,Fair,54365
AST000088,Vent Fan,Hitachi,1989,2010-05-28,LOC0018,Critical,Poor,460593
AST000089,Escalator,Hitachi,2014,2021-07-14,LOC0012,Medium,Excellent,36609
AST000090,Vent Fan,GE,2003,2000-07-07,LOC0024,High,Fair,219968
AST000091,Signal,GE,1992,2002-12-03,LOC0005,Medium,Excellent,406875
AST000092,Power Breaker,Alstom,2020,2021-10-29,LOC0017,Medium,Poor,245472
AST000093,Rail Car,Alstom,1988,1989-04-01,LOC0005,Medium,Fair,103091
AST000094,Signal,Hitachi,2002,1989-06-21,LOC0014,High,Excellent,47699
AST000095,Rail Car,ABB,2009,1988-11-20,LOC0013,Critical,Poor,215500
AST000096,Escalator,GE,1986,1995-08-10,LOC0012,Medium,Excellent,136446
AST000097,Signal,GE,2004,2006-10-29,LOC0017,Medium,Good,280785
AST000098,Rail Car,Kawasaki,2014,1999-05-20,LOC0021,Medium,Poor,39782
AST000099,Elevator,Hitachi,1986,2001-07-16,LOC0008,Low,Good,371955
AST000100,Track Circuit,CRRC,2001,2009-06-19,LOC0022,Medium,Poor,267332
AST000101,Rail Car,Kawasaki,1992,2009-04-20,LOC0005,Low,Fair,278475
AST000102,Rail Car,Alstom,2006,2023-07-11,LOC0008,Medium,Fair,466162
AST000103,Track Circuit,GE,1988,2006-04-06,LOC0008,Low,Good,184331
AST000104,Power Breaker,Alstom,2021,2013-10-05,LOC0024,Medium,Good,141127
AST000105,Elevator,Hitachi,2018,1994-08-15,LOC0003,High,Poor,167835
AST000106,Signal,GE,1990,2013-05-05,LOC0010,Medium,Excellent,221121
AST000107,Vent Fan,Alstom,1994,2020-10-01,LOC0011,High,Fair,236355
AST000108,Power Breaker,Siemens,2003,2000-02-01,LOC0021,Critical,Good,125395
AST000109,Track Circuit,ABB,2009,1994-10-11,LOC0013,High,Good,15000
AST000110,Elevator,Kawasaki,1998,2001-02-26,LOC0025,Low,Fair,165861
AST000111,Signal,GE,1989,1998-06-14,LOC0019,Medium,Poor,303974
AST000112,Vent Fan,Bombardier,1987,2010-03-27,LOC0018,High,Fair,270439
AST000113,Escalator,GE,2025,2020-10-26,LOC0019,Medium,Poor,429933
AST000114,Escalator,CRRC,1998,2010-08-30,LOC0005,Low,Good,543323
AST000115,Signal,Hitachi,2017,1992-10-07,LOC0012,Medium,Good,363900
AST000116,Power Breaker,Schindler,1999,1999-12-16,LOC0015,Medium,Excellent,457378
AST000117,Signal,Kawasaki,2020,2014-03-12,LOC0006,Medium,Fair,365016
AST000118,Switch,Siemens,1987,2010-04-13,LOC0003,High,Good,506485
AST000119,Signal,CRRC,1988,2014-05-16,LOC0004,Low,Fair,527628
AST000120,Elevator,GE,2020,2000-07-04,LOC0020,Medium,Good,392675
AST000121,Switch,ABB,2021,2012-08-07,LOC0017,High,Poor,355957
AST000122,Power Breaker,Otis,1994,2003-02-16,LOC0008,Medium,Poor,219215
AST000123,Escalator,Otis,1995,2002-02-21,LOC0019,High,Poor,243799
AST000124,Signal,Siemens,1998,2004-10-04,LOC0018,Medium,Excellent,199324
AST000125,Signal,Bombardier,1997,1988-02-03,LOC0021,Medium,Out of Service,343188
AST000126,Signal,Otis,1990,2021-12-02,LOC0023,Critical,Good,141948
AST000127,Rail Car,CRRC,2018,2008-01-22,LOC0023,Medium,Good,221334
AST000128,Elevator,ABB,1992,1989-05-18,LOC0005,Medium,Good,15000
AST000129,Switch,Otis,2008,2020-12-24,LOC0020,Critical,Good,508463
AST000130,Power Breaker,ABB,1986,2020-06-29,LOC0010,High,Fair,216929
AST000131,Signal,Bombardier,1986,1988-06-16,LOC0011,High,Good,318337
AST000132,Elevator,Bombardier,2006,2007-04-11,LOC0017,Low,Good,468668
AST000133,Power Breaker,CRRC,1995,2004-02-15,LOC0016,Low,Fair,295044
AST000134,Elevator,Schindler,2006,2011-03-31,LOC0011,High,Poor,466652
AST000135,Escalator,Kawasaki,1987,2013-01-08,LOC0025,Medium,Fair,63739
AST000136,Elevator,GE,2022,2022-10-13,LOC0005,Medium,Fair,609606
AST000137,Signal,ABB,2010,2007-12-30,LOC0003,High,Good,413067
AST000138,Switch,Kawasaki,2017,2005-04-14,LOC0001,Medium,Poor,281380
AST000139,Signal,Siemens,1988,2024-04-05,LOC0021,Low,Excellent,463762
AST000140,Rail Car,Kawasaki,1994,1989-04-05,LOC0011,Low,Good,74705
AST000141,Escalator,Siemens,1995,1998-11-23,LOC0011,Medium,Excellent,206708
AST000142,Rail Car,Schindler,2001,2006-05-04,LOC0017,High,Fair,466638
AST000143,Power Breaker,ABB,1993,2013-04-10,LOC0011,Critical,Good,15000
AST000144,Signal,ABB,1986,2009-02-27,LOC0015,Low,Fair,334069
AST000145,Escalator,ABB,1995,2007-08-31,LOC0002,Low,Good,329826
AST000146,Switch,ABB,1992,1995-09-13,LOC0004,Medium,Good,545384
AST000147,Switch,ABB,1996,2009-05-10,LOC0024,Medium,Good,15000
AST000148,Escalator,ABB,1990,2014-01-14,LOC0012,Medium,Excellent,491445
AST000149,Vent Fan,Schindler,1992,2024-09-06,LOC0005,Critical,Good,166079
AST000150,Rail Car,Kawasaki,2005,2008-11-10,LOC0010,Medium,Fair,182949
AST000151,Signal,Schindler,1996,2023-09-04,LOC0009,Medium,Fair,66699
AST000152,Rail Car,Otis,1995,2023-11-22,LOC0007,Critical,Excellent,86822
AST000153,Signal,Bombardier,2001,2007-11-09,LOC0008,Low,Fair,310528
AST000154,Power Breaker,CRRC,2011,2004-09-09,LOC0019,Critical,Good,83150
AST000155,Escalator,Alstom,1996,1993-06-03,LOC0003,Medium,Excellent,361043
AST000156,Switch,Kawasaki,2003,2021-05-27,LOC0008,Medium,Good,150555
AST000157,Signal,Hitachi,2023,2003-02-01,LOC0012,Critical,Fair,68045
AST000158,Switch,Alstom,2001,2014-07-19,LOC0014,Medium,Good,170829
AST000159,Vent Fan,Kawasaki,2019,1997-02-21,LOC0023,Medium,Fair,300506
AST000160,Rail Car,Siemens,2012,2025-01-05,LOC0024,Medium,Good,208397
AST000161,Elevator,Bombardier,1986,2012-09-05,LOC0008,High,Fair,255132
AST000162,Rail Car,Kawasaki,1998,1989-01-28,LOC0014,High,Good,354431
AST000163,Rail Car,CRRC,2008,1997-05-23,LOC0001,Medium,Fair,412363
AST000164,Signal,Otis,2024,2020-10-19,LOC0016,High,Poor,203486
AST000165,Vent Fan,Bombardier,1999,2023-03-22,LOC0004,High,Good,93367
AST000166,Track Circuit,Alstom,1987,2020-05-05,LOC0002,Medium,Excellent,261414
AST000167,Rail Car,Bombardier,2002,1990-11-03,LOC0017,Low,Fair,320597
AST000168,Escalator,Alstom,1988,2015-09-23,LOC0005,Medium,Out of Service,30891
AST000169,Escalator,GE,2010,1992-03-09,LOC0012,Low,Poor,116409
AST000170,Vent Fan,Alstom,2000,1990-11-28,LOC0003,Low,Good,142122
AST000171,Signal,ABB,2009,2014-04-17,LOC0019,Medium,Fair,218827
AST000172,Rail Car,Kawasaki,2017,2006-03-03,LOC0020,Low,Good,135845
AST000173,Track Circuit,Hitachi,2005,2020-05-09,LOC0015,Medium,Good,356056
AST000174,Rail Car,Bombardier,2004,1990-08-13,LOC0021,High,Fair,15000
AST000175,Signal,Otis,2011,2008-01-17,LOC0011,Medium,Fair,15000
AST000176,Signal,Otis,2015,2019-09-15,LOC0005,Critical,Fair,199917
AST000177,Switch,CRRC,2017,2004-09-23,LOC0004,Critical,Poor,223652
AST000178,Track Circuit,ABB,1985,2007-11-21,LOC0006,High,Good,31803
AST000179,Rail Car,GE,2002,2022-06-21,LOC0006,Critical,Fair,158988
AST000180,Rail Car,CRRC,1991,1989-11-23,LOC0009,Critical,Good,189843
AST000181,Rail Car,Schindler,2016,2021-05-12,LOC0006,Medium,Excellent,191005
AST000182,Track Circuit,Otis,2006,2019-01-08,LOC0015,High,Good,272782
AST000183,Track Circuit,Hitachi,1997,2018-11-15,LOC0004,Low,Poor,150763
AST000184,Switch,Hitachi,1990,2007-08-09,LOC0016,High,Fair,471675
AST000185,Rail Car,Alstom,1995,2002-01-08,LOC0009,Medium,Excellent,323231
AST000186,Track Circuit,Hitachi,2008,1997-07-25,LOC0018,Low,Fair,128933
AST000187,Signal,Alstom,1990,2007-03-24,LOC0013,Medium,Poor,264177
AST000188,Track Circuit,Kawasaki,1987,2015-06-27,LOC0023,Critical,Poor,268602
AST000189,Rail Car,Siemens,2018,1991-10-31,LOC0011,Medium,Fair,432208
AST000190,Switch,Otis,2011,2017-12-23,LOC0008,Low,Good,159943
AST000191,Rail Car,CRRC,1990,2013-01-13,LOC0015,Low,Fair,365101
AST000192,Rail Car,Kawasaki,1993,2025-11-27,LOC0017,Medium,Poor,256278
AST000193,Escalator,ABB,2023,1993-02-02,LOC0011,High,Poor,473735
AST000194,Escalator,Siemens,2008,2008-07-09,LOC0014,High,Poor,443634
AST000195,Escalator,Bombardier,2004,2007-06-04,LOC0012,Medium,Good,279547
AST000196,Track Circuit,Siemens,1994,2008-06-16,LOC0008,Medium,Excellent,210658
AST000197,Elevator,Otis,1993,1990-01-24,LOC0008,Low,Fair,325991
AST000198,Rail Car,Otis,1986,2005-12-23,LOC0023,Medium,Good,222932
AST000199,Rail Car,Alstom,2009,1999-05-19,LOC0017,High,Excellent,502046
AST000200,Rail Car,Kawasaki,1986,2011-06-17,LOC0003,High,Fair,261771
AST000201,Track Circuit,Alstom,1985,2004-07-13,LOC0025,Medium,Fair,189154
AST000202,Rail Car,Hitachi,2009,2011-07-24,LOC0018,High,Poor,181058
AST000203,Escalator,Bombardier,2022,1990-06-07,LOC0002,Medium,Fair,68045
AST000204,Power Breaker,CRRC,2011,2017-11-23,LOC0019,High,Poor,333484
AST000205,Power Breaker,Hitachi,1999,2015-03-13,LOC0015,Medium,Fair,126998
AST000206,Rail Car,CRRC,2000,1990-03-06,LOC0023,High,Fair,414722
AST000207,Rail Car,CRRC,1998,1990-06-17,LOC0013,Medium,Excellent,56060
AST000208,Elevator,Kawasaki,1994,2020-04-23,LOC0013,Critical,Fair,269086
AST000209,Track Circuit,Alstom,2001,1998-10-07,LOC0008,Medium,Good,422534
AST000210,Elevator,Hitachi,1998,2020-09-15,LOC0009,Low,Excellent,15000
AST000211,Rail Car,Otis,2004,2006-12-21,LOC0016,Medium,Good,552740
AST000212,Signal,CRRC,2018,2001-01-02,LOC0021,Medium,Poor,186207
AST000213,Signal,Bombardier,2025,1992-03-02,LOC0023,Medium,Fair,271164
AST000214,Power Breaker,ABB,1987,2003-04-19,LOC0020,High,Poor,335717
AST000215,Signal,Hitachi,1996,2001-02-21,LOC0016,High,Out of Service,358919
AST000216,Track Circuit,CRRC,1990,1993-11-10,LOC0013,Medium,Poor,291083
AST000217,Track Circuit,Hitachi,1995,2001-05-28,LOC0009,High,Good,399608
AST000218,Switch,GE,1993,2013-09-29,LOC0020,High,Poor,327861
AST000219,Track Circuit,CRRC,1989,1991-04-13,LOC0008,Medium,Poor,514132
AST000220,Escalator,Schindler,2011,2021-05-19,LOC0007,Medium,Poor,328349
AST000221,Signal,Hitachi,2000,2014-04-17,LOC0022,Low,Good,544695
AST000222,Elevator,Siemens,2020,2023-02-14,LOC0015,Medium,Excellent,385162
AST000223,Power Breaker,ABB,1985,2004-04-05,LOC0009,High,Poor,15000
AST000224,Track Circuit,CRRC,1986,2015-08-20,LOC0022,Critical,Good,641665
AST000225,Signal,ABB,1997,2009-05-17,LOC0025,High,Good,163848
AST000226,Rail Car,Otis,1987,2022-04-01,LOC0008,Medium,Good,474332
AST000227,Signal,Hitachi,1992,2005-01-09,LOC0014,High,Good,254019
AST000228,Track Circuit,Kawasaki,2024,1997-06-02,LOC0013,High,Excellent,409164
AST000229,Vent Fan,Kawasaki,1990,1990-11-20,LOC0018,Medium,Out of Service,146728
AST000230,Vent Fan,Otis,1990,1993-09-28,LOC0024,High,Poor,343862
AST000231,Elevator,Kawasaki,2003,2009-05-09,LOC0014,Low,Poor,212021
AST000232,Track Circuit,Schindler,2000,2025-08-17,LOC0020,Low,Good,486850
AST000233,Escalator,GE,2003,2000-06-29,LOC0015,Low,Good,315800
AST000234,Escalator,Kawasaki,1996,2004-11-04,LOC0023,Low,Good,390391
AST000235,Track Circuit,Bombardier,2014,2000-03-31,LOC0011,Critical,Good,15000
AST000236,Escalator,Bombardier,1988,2004-09-26,LOC0010,Medium,Excellent,237164
AST000237,Signal,Hitachi,1998,2010-08-07,LOC0011,Medium,Fair,311583
AST000238,Switch,Otis,2008,2010-08-28,LOC0025,Medium,Out of Service,283542
AST000239,Rail Car,Siemens,2016,1999-12-28,LOC0016,Medium,Fair,394174
AST000240,Switch,Schindler,1996,1998-01-12,LOC0004,Medium,Good,195114
AST000241,Switch,Schindler,2003,2016-12-09,LOC0002,Low,Good,257318
AST000242,Elevator,GE,1986,1995-02-20,LOC0013,High,Excellent,427184
AST000243,Vent Fan,CRRC,1989,1989-10-15,LOC0021,Low,Good,15000
AST000244,Rail Car,Bombardier,1986,1989-07-15,LOC0012,High,Fair,338403
AST000245,Elevator,Siemens,2009,2001-11-04,LOC0015,Medium,Good,199917
AST000246,Vent Fan,Hitachi,1993,1991-11-14,LOC0020,High,Fair,113152
AST000247,Signal,Hitachi,2009,2021-05-26,LOC0013,High,Poor,300482
AST000248,Rail Car,Bombardier,1986,2000-10-16,LOC0023,Low,Good,434118
AST000249,Track Circuit,Schindler,2016,1988-10-14,LOC0016,Low,Excellent,405872
AST000250,Signal,Kawasaki,2015,2014-07-28,LOC0019,Critical,Excellent,229733
AST000251,Escalator,Bombardier,1987,1997-12-29,LOC0020,Medium,Good,381361
AST000252,Rail Car,Kawasaki,1985,2000-06-19,LOC0016,High,Fair,380210
AST000253,Rail Car,Siemens,1986,2023-08-25,LOC0002,Low,Poor,236894
AST000254,Signal,Alstom,2016,2019-03-22,LOC0011,Medium,Poor,146038
AST000255,Switch,GE,1991,1989-05-30,LOC0004,Medium,Fair,154715
AST000256,Power Breaker,GE,2002,2014-04-16,LOC0013,Critical,Good,375678
AST000257,Signal,Kawasaki,1997,2018-11-19,LOC0004,Medium,Good,243678
AST000258,Switch,Alstom,2013,2009-04-01,LOC0013,High,Good,93073
AST000259,Track Circuit,GE,2000,2012-04-25,LOC0009,High,Good,15000
AST000260,Rail Car,Hitachi,2000,1988-01-14,LOC0001,Low,Poor,374775
AST000261,Rail Car,Alstom,2025,1989-02-21,LOC0004,Medium,Fair,167983
AST000262,Rail Car,Alstom,1989,1989-05-02,LOC0013,Medium,Good,299558
AST000263,Signal,Alstom,2014,1994-01-15,LOC0002,Medium,Good,435956
AST000264,Switch,Schindler,1986,2012-02-08,LOC0022,High,Good,53661
AST000265,Power Breaker,ABB,1999,2017-09-22,LOC0019,Medium,Poor,243229
AST000266,Rail Car,ABB,2018,1999-03-26,LOC0018,Medium,Excellent,224396
AST000267,Escalator,ABB,2007,2023-08-17,LOC0005,High,Excellent,306961
AST000268,Escalator,Kawasaki,2007,1995-07-23,LOC0020,High,Good,435874
AST000269,Elevator,Bombardier,1992,2022-04-15,LOC0016,Medium,Poor,50582
AST000270,Signal,Schindler,1997,1989-03-03,LOC0010,High,Fair,335470
AST000271,Track Circuit,Otis,1995,1988-10-10,LOC0001,Medium,Fair,404729
AST000272,Rail Car,Kawasaki,2001,1990-12-31,LOC0014,High,Good,222043
AST000273,Track Circuit,Otis,1999,2018-02-02,LOC0020,Medium,Excellent,229383
AST000274,Power Breaker,Alstom,1994,1997-10-13,LOC0001,Medium,Poor,312767
AST000275,Rail Car,CRRC,1993,2005-02-21,LOC0002,Low,Good,301723
AST000276,Elevator,Alstom,1992,2005-11-28,LOC0010,High,Excellent,337353
AST000277,Power Breaker,ABB,1995,2001-04-02,LOC0013,High,Fair,334192
AST000278,Rail Car,Otis,1989,1988-04-03,LOC0012,Medium,Excellent,102704
AST000279,Power Breaker,ABB,2017,2002-09-07,LOC0011,Critical,Excellent,398540
AST000280,Rail Car,Hitachi,2004,1998-12-13,LOC0007,High,Poor,425017
AST000281,Power Breaker,CRRC,1988,2015-10-09,LOC0002,Low,Fair,277912
AST000282,Track Circuit,Siemens,2008,2016-07-19,LOC0001,High,Good,25877
AST000283,Rail Car,Hitachi,2015,1991-06-30,LOC0003,Medium,Good,232788
AST000284,Rail Car,CRRC,1991,2018-02-18,LOC0018,Critical,Fair,279161
AST000285,Signal,Kawasaki,1989,1990-09-05,LOC0020,Medium,Excellent,78310
AST000286,Track Circuit,Siemens,1985,2011-07-20,LOC0011,Medium,Excellent,195979
AST000287,Power Breaker,Kawasaki,1986,2002-10-16,LOC0002,Medium,Fair,38595
AST000288,Rail Car,CRRC,2011,1999-06-13,LOC0011,Medium,Fair,341094
AST000289,Switch,Siemens,2024,1999-10-17,LOC0025,High,Out of Service,274893
AST000290,Track Circuit,ABB,1986,2018-12-31,LOC0007,Medium,Good,15000
AST000291,Switch,ABB,2010,2004-09-08,LOC0013,Medium,Excellent,302720
AST000292,Signal,Alstom,1986,2007-02-15,LOC0014,Medium,Fair,241524
AST000293,Power Breaker,Hitachi,2004,2008-12-26,LOC0009,Critical,Fair,327462
AST000294,Rail Car,Alstom,2011,2005-10-15,LOC0011,High,Good,191270
AST000295,Track Circuit,Alstom,1995,2003-07-24,LOC0012,Medium,Fair,129778
AST000296,Rail Car,ABB,1985,2008-12-31,LOC0012,Medium,Good,134373
AST000297,Signal,ABB,2004,2014-03-07,LOC0018,Low,Poor,169274
AST000298,Switch,Hitachi,2025,2004-06-05,LOC0015,Critical,Poor,252824
AST000299,Escalator,Hitachi,1992,2018-08-26,LOC0002,High,Good,272194
AST000300,Rail Car,Alstom,1990,2004-04-21,LOC0001,High,Poor,221392
AST000301,Vent Fan,Kawasaki,1988,2022-07-17,LOC0011,Critical,Out of Service,186502
AST000302,Rail Car,Hitachi,2002,1994-07-29,LOC0023,Low,Good,197290
AST000303,Rail Car,CRRC,2004,2023-06-02,LOC0001,High,Good,626159
AST000304,Elevator,Schindler,2012,1999-03-05,LOC0002,Medium,Fair,134391
AST000305,Power Breaker,Bombardier,2011,2009-06-10,LOC0017,Low,Excellent,166304
AST000306,Escalator,Otis,2018,1998-10-10,LOC0012,Medium,Good,744078
AST000307,Vent Fan,Hitachi,2013,2000-12-02,LOC0006,Medium,Good,313152
AST000308,Elevator,Otis,1992,2014-10-19,LOC0006,Critical,Poor,43003
AST000309,Power Breaker,Hitachi,2002,1991-01-31,LOC0017,Medium,Good,376403
AST000310,Signal,Alstom,1993,2019-11-09,LOC0014,High,Fair,113494
AST000311,Escalator,Hitachi,1994,2022-05-06,LOC0016,High,Good,386359
AST000312,Rail Car,Hitachi,2020,2009-05-23,LOC0008,High,Good,218356
AST000313,Rail Car,Alstom,2007,2014-08-07,LOC0014,Critical,Poor,184031
AST000314,Escalator,Siemens,2023,1995-07-25,LOC0022,Medium,Excellent,491375
AST000315,Vent Fan,CRRC,1997,1996-04-22,LOC0008,Medium,Excellent,334960
AST000316,Vent Fan,Schindler,2001,1999-08-12,LOC0010,Low,Good,395948
AST000317,Track Circuit,ABB,2000,2016-05-08,LOC0005,Medium,Fair,315238
AST000318,Escalator,CRRC,1987,2018-01-22,LOC0016,Critical,Good,183333
AST000319,Escalator,Hitachi,1991,1995-12-05,LOC0001,Medium,Excellent,341703
AST000320,Track Circuit,ABB,2001,2011-06-18,LOC0007,Medium,Good,431382
AST000321,Signal,Bombardier,1986,1999-03-04,LOC0018,Medium,Good,270211
AST000322,Signal,Otis,2020,2010-05-09,LOC0001,Medium,Excellent,520246
AST000323,Elevator,GE,1988,2025-09-20,LOC0025,High,Fair,377573
AST000324,Rail Car,Hitachi,1990,1988-02-04,LOC0011,Medium,Excellent,281797
AST000325,Vent Fan,Siemens,2011,2024-05-11,LOC0010,High,Good,287723
AST000326,Rail Car,Siemens,1987,2020-07-10,LOC0014,High,Fair,270586
AST000327,Vent Fan,Alstom,2018,2008-02-12,LOC0016,High,Fair,62314
AST000328,Track Circuit,Kawasaki,2009,2002-01-11,LOC0012,Medium,Good,236489
AST000329,Elevator,Otis,1986,1992-11-27,LOC0023,High,Good,283178
AST000330,Signal,ABB,2008,2009-09-18,LOC0025,Low,Good,187587
AST000331,Rail Car,Kawasaki,2005,2019-01-08,LOC0006,Medium,Poor,300652
AST000332,Elevator,Alstom,2011,2015-04-01,LOC0018,High,Good,253196
AST000333,Power Breaker,Hitachi,2014,2016-06-04,LOC0008,High,Good,366054
AST000334,Elevator,GE,2009,2016-10-24,LOC0025,Low,Good,349467
AST000335,Signal,CRRC,2003,2000-12-01,LOC0007,Critical,Good,275073
AST000336,Track Circuit,Otis,1994,2003-10-25,LOC0008,Low,Good,44918
AST000337,Signal,Bombardier,2008,2020-06-16,LOC0018,High,Excellent,518608
AST000338,Signal,Hitachi,2022,2022-03-20,LOC0020,Critical,Fair,228716
AST000339,Escalator,Bombardier,2003,2024-11-09,LOC0004,Medium,Fair,237867
AST000340,Escalator,Siemens,2007,2009-09-05,LOC0014,High,Fair,198622
AST000341,Elevator,Hitachi,1998,2002-08-19,LOC0009,High,Fair,176738
AST000342,Power Breaker,Schindler,2011,1988-01-09,LOC0016,High,Good,481609
AST000343,Escalator,Siemens,2025,2011-03-22,LOC0014,High,Poor,457907
AST000344,Elevator,Bombardier,1989,2012-07-03,LOC0025,High,Fair,316659
AST000345,Signal,Bombardier,1990,2024-10-18,LOC0024,Medium,Poor,233875
AST000346,Switch,Schindler,2002,2015-04-16,LOC0017,High,Fair,342868
AST000347,Rail Car,GE,1999,1989-02-15,LOC0017,Medium,Good,261070
AST000348,Power Breaker,Siemens,2003,2009-07-19,LOC0023,Critical,Good,221467
AST000349,Signal,Otis,1986,2016-03-23,LOC0005,Medium,Good,300716
AST000350,Rail Car,Schindler,1997,2006-11-13,LOC0019,Medium,Excellent,183826
AST000351,Escalator,Kawasaki,2003,2004-04-24,LOC0020,Critical,Good,287840
AST000352,Signal,Otis,2003,2018-10-11,LOC0004,Medium,Excellent,280633
AST000353,Track Circuit,Alstom,2006,2011-03-26,LOC0023,Medium,Excellent,340440
AST000354,Power Breaker,Alstom,2009,2013-11-21,LOC0018,High,Poor,157129
AST000355,Escalator,Kawasaki,2006,2005-08-20,LOC0009,Low,Fair,356520
AST000356,Switch,Alstom,2012,2007-09-22,LOC0013,Low,Fair,114053
AST000357,Power Breaker,CRRC,2005,2024-06-10,LOC0013,Medium,Good,164115
AST000358,Track Circuit,Alstom,2001,2010-11-25,LOC0023,Medium,Fair,170661
AST000359,Power Breaker,Kawasaki,2004,2014-11-16,LOC0025,Medium,Poor,89192
AST000360,Track Circuit,CRRC,1987,1992-09-18,LOC0021,Low,Fair,402349
AST000361,Rail Car,ABB,1992,2025-07-16,LOC0017,Medium,Fair,104642
AST000362,Track Circuit,Siemens,2001,2024-11-27,LOC0003,Medium,Good,145163
AST000363,Switch,Bombardier,2017,2004-12-08,LOC0023,Low,Good,438311
AST000364,Power Breaker,Alstom,2007,2022-12-01,LOC0004,High,Fair,164413
AST000365,Switch,Schindler,1987,2021-11-20,LOC0005,High,Out of Service,221779
AST000366,Signal,CRRC,2004,2016-09-13,LOC0002,Low,Good,98196
AST000367,Track Circuit,Kawasaki,1991,2022-10-27,LOC0024,Medium,Good,374943
AST000368,Escalator,Siemens,2010,2011-02-27,LOC0013,Critical,Good,377010
AST000369,Elevator,Bombardier,2014,2020-04-02,LOC0006,High,Good,360842
AST000370,Vent Fan,Alstom,2004,1994-07-17,LOC0003,Medium,Out of Service,330629
AST000371,Track Circuit,Kawasaki,2004,1990-09-02,LOC0011,Medium,Fair,261038
AST000372,Track Circuit,Otis,1995,2008-08-24,LOC0019,Medium,Good,171343
AST000373,Signal,Hitachi,1998,2018-10-09,LOC0025,High,Good,127755
AST000374,Rail Car,ABB,2016,2017-01-30,LOC0014,Critical,Good,443486
AST000375,Vent Fan,Alstom,2009,2008-01-22,LOC0016,Critical,Excellent,364721
AST000376,Escalator,CRRC,2001,2007-10-16,LOC0021,Medium,Fair,146004
AST000377,Rail Car,Hitachi,1995,2020-12-28,LOC0023,Medium,Poor,255975
AST000378,Track Circuit,GE,1986,2019-12-27,LOC0007,Low,Fair,204983
AST000379,Power Breaker,Schindler,1989,1992-03-01,LOC0025,Medium,Good,80768
AST000380,Rail Car,Otis,1990,2010-08-21,LOC0013,Medium,Fair,276648
AST000381,Signal,Schindler,1996,2018-05-18,LOC0024,High,Fair,187676
AST000382,Track Circuit,Schindler,2021,2025-09-01,LOC0003,Low,Good,107120
AST000383,Signal,Schindler,2000,1992-02-16,LOC0003,Critical,Fair,28130
AST000384,Switch,Bombardier,1991,2023-06-06,LOC0023,Low,Fair,15429
AST000385,Signal,GE,1987,2002-05-18,LOC0017,Low,Poor,194286
AST000386,Rail Car,Bombardier,1994,2024-10-04,LOC0005,Critical,Good,237236
AST000387,Rail Car,Kawasaki,2014,2006-05-28,LOC0023,High,Good,118705
AST000388,Track Circuit,CRRC,1996,2006-06-02,LOC0003,Medium,Fair,347611
AST000389,Rail Car,CRRC,2011,1989-11-07,LOC0018,High,Excellent,240168
AST000390,Vent Fan,Kawasaki,2013,2025-03-12,LOC0006,Medium,Good,336533
AST000391,Escalator,Hitachi,1988,1988-08-16,LOC0002,Low,Fair,222563
AST000392,Rail Car,Kawasaki,2004,1988-02-20,LOC0021,Medium,Good,131932
AST000393,Track Circuit,Kawasaki,2022,1994-03-31,LOC0022,Medium,Good,267118
AST000394,Power Breaker,Hitachi,1997,2011-11-08,LOC0003,High,Out of Service,60599
AST000395,Switch,Otis,1986,2014-10-17,LOC0003,Medium,Fair,330916
AST000396,Track Circuit,Hitachi,2020,1999-05-01,LOC0016,High,Fair,109428
AST000397,Power Breaker,Schindler,2017,2018-03-22,LOC0001,High,Fair,387735
AST000398,Rail Car,Kawasaki,2001,2011-02-03,LOC0019,Low,Good,199232
AST000399,Escalator,Alstom,2002,1996-09-03,LOC0023,Low,Good,409380
AST000400,Rail Car,GE,1991,2015-01-26,LOC0019,Medium,Fair,81607
AST000401,Escalator,Kawasaki,2014,2010-07-02,LOC0006,High,Good,148335
AST000402,Track Circuit,ABB,2000,2018-11-10,LOC0005,High,Good,307140
AST000403,Switch,CRRC,1985,1993-11-13,LOC0018,High,Excellent,425575
AST000404,Track Circuit,Siemens,2007,1996-10-09,LOC0002,Medium,Poor,499991
AST000405,Signal,Kawasaki,2022,1999-07-15,LOC0014,Medium,Excellent,256205
AST000406,Power Breaker,Bombardier,2014,2000-12-21,LOC0012,Medium,Fair,525662
AST000407,Track Circuit,CRRC,1993,2015-11-01,LOC0019,Medium,Good,206550
AST000408,Rail Car,Alstom,1986,2008-09-03,LOC0006,High,Fair,414815
AST000409,Elevator,CRRC,2021,2008-07-14,LOC0020,Low,Good,108673
AST000410,Elevator,GE,2021,2021-08-30,LOC0018,Medium,Good,313030
AST000411,Rail Car,GE,2001,2004-12-23,LOC0006,Medium,Fair,15000
AST000412,Rail Car,GE,2006,1996-07-23,LOC0009,Medium,Fair,81761
AST000413,Vent Fan,Otis,1999,1993-03-15,LOC0002,High,Good,320002
AST000414,Escalator,Otis,1997,2012-10-28,LOC0012,Medium,Good,53134
AST000415,Elevator,ABB,1988,2005-11-23,LOC0007,Critical,Good,314042
AST000416,Power Breaker,Siemens,1987,2004-01-10,LOC0003,High,Good,385969
AST000417,Elevator,CRRC,1991,2006-03-30,LOC0014,Critical,Fair,174802
AST000418,Switch,Hitachi,2015,2025-01-16,LOC0015,High,Good,104657
AST000419,Rail Car,Siemens,1989,2025-11-28,LOC0003,High,Fair,178872
AST000420,Signal,Schindler,1991,1992-05-07,LOC0005,High,Excellent,105128
AST000421,Escalator,ABB,2002,1997-04-13,LOC0003,Medium,Fair,234818
AST000422,Vent Fan,Otis,1991,2020-05-16,LOC0017,Medium,Good,265314
AST000423,Rail Car,Bombardier,1989,2005-06-17,LOC0009,High,Good,204098
AST000424,Rail Car,Siemens,2002,2020-10-26,LOC0002,Low,Good,501154
AST000425,Signal,Hitachi,1995,2012-07-29,LOC0005,Low,Poor,142089
AST000426,Vent Fan,Schindler,2005,2009-01-07,LOC0025,Critical,Fair,458715
AST000427,Signal,Kawasaki,2019,1998-09-12,LOC0007,Low,Poor,93814
AST000428,Signal,Otis,1989,2001-01-26,LOC0018,Medium,Good,260917
AST000429,Switch,GE,2019,1993-08-12,LOC0012,High,Good,427466
AST000430,Signal,Otis,2019,2007-09-24,LOC0005,Low,Excellent,419704
AST000431,Rail Car,CRRC,2014,1999-02-11,LOC0008,Critical,Good,186961
AST000432,Rail Car,ABB,2005,2018-05-13,LOC0001,Low,Fair,333260
AST000433,Track Circuit,Bombardier,2005,2023-09-10,LOC0019,Critical,Poor,313177
AST000434,Signal,Kawasaki,2005,2006-12-07,LOC0009,High,Fair,169009
AST000435,Signal,GE,2008,2008-05-14,LOC0013,Medium,Fair,342392
AST000436,Track Circuit,Hitachi,1985,2023-03-07,LOC0004,Low,Good,529374
AST000437,Signal,Kawasaki,2022,2007-06-08,LOC0021,Medium,Excellent,320755
AST000438,Escalator,Hitachi,2003,2011-08-30,LOC0006,Medium,Poor,334953
AST000439,Switch,GE,2012,2004-04-07,LOC0015,Medium,Good,350823
AST000440,Track Circuit,Hitachi,1996,2007-07-18,LOC0022,Critical,Excellent,30854
AST000441,Track Circuit,Otis,1985,2007-10-30,LOC0018,Medium,Poor,319034
AST000442,Track Circuit,Hitachi,2000,2015-01-07,LOC0016,High,Poor,97486
AST000443,Signal,Otis,2000,2007-02-24,LOC0023,Low,Fair,161517
AST000444,Signal,CRRC,1998,1990-11-18,LOC0005,Critical,Good,574291
AST000445,Power Breaker,Bombardier,1995,2022-05-15,LOC0025,Medium,Poor,212011
AST000446,Signal,CRRC,1992,2021-10-02,LOC0014,Medium,Good,138974
AST000447,Rail Car,Siemens,2001,1995-01-03,LOC0011,High,Good,422887
AST000448,Rail Car,ABB,1996,2024-12-26,LOC0007,Low,Good,107848
AST000449,Track Circuit,Hitachi,2023,2000-03-14,LOC0019,High,Poor,182887
AST000450,Rail Car,CRRC,1989,2018-11-11,LOC0025,Medium,Poor,437358
AST000451,Elevator,Kawasaki,1994,2017-11-09,LOC0018,Medium,Fair,256415
AST000452,Power Breaker,GE,1993,2020-09-15,LOC0001,Medium,Excellent,15760
AST000453,Switch,Schindler,2002,1988-08-10,LOC0012,High,Fair,331598
AST000454,Track Circuit,Otis,2000,2006-05-08,LOC0019,Low,Good,190530
AST000455,Switch,ABB,2006,2009-06-27,LOC0010,Low,Poor,480978
AST000456,Rail Car,ABB,2022,1996-07-12,LOC0020,Low,Good,159072
AST000457,Escalator,Siemens,1993,1999-08-28,LOC0018,Medium,Excellent,407684
AST000458,Switch,ABB,2008,1994-11-01,LOC0002,Low,Fair,516355
AST000459,Track Circuit,GE,1985,2016-12-14,LOC0014,Critical,Good,122359
AST000460,Power Breaker,Bombardier,1992,2025-12-15,LOC0005,Medium,Poor,221018
AST000461,Signal,Bombardier,1999,1993-05-03,LOC0013,High,Excellent,308294
AST000462,Rail Car,Kawasaki,1985,1996-11-09,LOC0010,Medium,Poor,121398
AST000463,Escalator,Siemens,2005,1999-09-01,LOC0021,Medium,Excellent,290544
AST000464,Signal,Bombardier,2007,2021-10-12,LOC0022,Medium,Excellent,216262
AST000465,Signal,GE,2010,2004-12-08,LOC0012,Medium,Good,213240
AST000466,Signal,ABB,2001,1998-09-17,LOC0014,Medium,Good,257341
AST000467,Power Breaker,CRRC,2004,2000-03-31,LOC0016,Medium,Fair,260690
AST000468,Signal,Bombardier,1996,1993-05-02,LOC0017,Medium,Excellent,274582
AST000469,Switch,Siemens,1986,2019-03-01,LOC0016,Critical,Excellent,160176
AST000470,Signal,GE,1987,2004-01-17,LOC0020,Medium,Fair,166724
AST000471,Signal,Kawasaki,2006,1997-10-02,LOC0025,Medium,Good,232212
AST000472,Rail Car,Schindler,2025,2015-09-05,LOC0021,Low,Fair,243286
AST000473,Switch,Hitachi,1985,1993-11-21,LOC0004,Medium,Fair,184173
AST000474,Rail Car,Schindler,2002,1990-10-20,LOC0012,High,Excellent,298591
AST000475,Rail Car,Bombardier,2010,1989-09-22,LOC0012,Low,Fair,15000
AST000476,Power Breaker,Hitachi,2014,2017-02-04,LOC0013,High,Good,140430
AST000477,Signal,Kawasaki,2002,2011-10-11,LOC0014,Medium,Good,208011
AST000478,Power Breaker,Kawasaki,2005,2018-02-04,LOC0018,Low,Excellent,121583
AST000479,Rail Car,Bombardier,2008,2011-10-20,LOC0011,Critical,Poor,494380
AST000480,Switch,Hitachi,2016,2003-04-07,LOC0007,Medium,Fair,252829
AST000481,Elevator,Hitachi,1988,2010-05-27,LOC0012,High,Fair,276515
AST000482,Power Breaker,Schindler,2020,2015-06-15,LOC0022,Medium,Poor,177515
AST000483,Switch,Schindler,1985,2003-02-26,LOC0008,Critical,Good,247633
AST000484,Power Breaker,ABB,2015,2022-03-08,LOC0001,Medium,Poor,67712
AST000485,Rail Car,Kawasaki,1987,2018-06-05,LOC0025,Medium,Fair,224527
AST000486,Rail Car,Kawasaki,1990,2025-09-14,LOC0005,High,Poor,109449
AST000487,Vent Fan,Hitachi,1985,2002-11-02,LOC0016,Medium,Poor,208389
AST000488,Track Circuit,Kawasaki,1998,1992-05-02,LOC0021,Medium,Out of Service,15000
AST000489,Elevator,Hitachi,1994,2016-05-05,LOC0007,Critical,Good,80800
AST000490,Track Circuit,ABB,1989,2017-08-12,LOC0009,High,Poor,469589
AST000491,Elevator,Siemens,1998,1999-02-12,LOC0008,High,Poor,374560
AST000492,Rail Car,GE,1997,2004-12-04,LOC0004,High,Fair,447856
AST000493,Switch,CRRC,2011,2018-07-19,LOC0004,High,Good,458158
AST000494,Track Circuit,ABB,2018,1990-04-21,LOC0005,Critical,Poor,350948
AST000495,Track Circuit,Kawasaki,2006,1996-09-25,LOC0012,High,Good,182070
AST000496,Signal,Alstom,1988,2018-08-17,LOC0014,Medium,Fair,94412
AST000497,Signal,Otis,1993,2005-11-05,LOC0001,Low,Fair,422012
AST000498,Track Circuit,GE,2019,1991-04-19,LOC0022,High,Good,259685
AST000499,Signal,Kawasaki,1987,1997-12-12,LOC0017,High,Fair,624103
AST000500,Switch,CRRC,1997,1989-09-08,LOC0002,Medium,Excellent,195235
AST000501,Escalator,Schindler,2021,2006-01-26,LOC0022,Low,Fair,545934
AST000502,Escalator,Alstom,2022,2025-11-28,LOC0001,Medium,Poor,226481
AST000503,Escalator,ABB,1997,2009-07-21,LOC0015,Medium,Good,450407
AST000504,Track Circuit,Alstom,2007,2021-01-14,LOC0012,High,Fair,504504
AST000505,Power Breaker,ABB,1999,2016-03-20,LOC0013,Low,Good,96558
AST000506,Rail Car,Siemens,2011,1999-10-26,LOC0024,High,Poor,177250
AST000507,Signal,Otis,1985,2024-02-23,LOC0024,High,Poor,95053
AST000508,Signal,GE,1989,1997-01-25,LOC0007,Critical,Good,65508
AST000509,Escalator,Hitachi,2004,2004-08-27,LOC0015,Low,Fair,350060
AST000510,Switch,Siemens,1991,2013-11-20,LOC0024,Critical,Fair,220506
AST000511,Rail Car,Bombardier,2007,1998-01-18,LOC0019,High,Fair,257855
AST000512,Vent Fan,Bombardier,1995,1992-12-09,LOC0023,High,Fair,333436
AST000513,Signal,Bombardier,2018,1988-02-28,LOC0011,Low,Fair,15000
AST000514,Signal,Siemens,2014,2025-06-30,LOC0008,Medium,Fair,443015
AST000515,Vent Fan,GE,2000,2004-09-21,LOC0013,High,Good,197636
AST000516,Rail Car,CRRC,2011,2023-07-20,LOC0021,Medium,Good,329860
AST000517,Signal,Schindler,1992,1988-02-25,LOC0024,Medium,Poor,343107
AST000518,Power Breaker,Alstom,2000,2007-01-08,LOC0018,High,Excellent,455619
AST000519,Power Breaker,Alstom,1990,1993-06-10,LOC0018,High,Fair,234271
AST000520,Rail Car,Hitachi,2016,1997-05-13,LOC0013,Low,Good,15000
AST000521,Rail Car,CRRC,2014,2011-04-10,LOC0008,Medium,Poor,258569
AST000522,Switch,Alstom,2019,1997-07-27,LOC0011,Medium,Fair,280106
AST000523,Signal,CRRC,2017,1996-07-30,LOC0013,Critical,Good,94861
AST000524,Rail Car,Otis,2022,2012-12-05,LOC0021,Critical,Good,272124
AST000525,Track Circuit,CRRC,1991,2003-03-14,LOC0014,Medium,Good,195847
AST000526,Escalator,Bombardier,2020,2000-06-11,LOC0020,Low,Poor,48587
AST000527,Elevator,GE,2003,2007-09-01,LOC0001,Medium,Fair,350723
AST000528,Signal,Bombardier,1997,2011-05-15,LOC0019,Medium,Good,165441
AST000529,Rail Car,Alstom,2002,1988-08-01,LOC0013,Critical,Fair,189043
AST000530,Switch,Hitachi,1995,2021-10-29,LOC0025,Medium,Good,180613
AST000531,Power Breaker,Hitachi,1993,2022-10-28,LOC0012,Low,Good,435322
AST000532,Switch,Alstom,1991,2010-11-23,LOC0012,Low,Good,243863
AST000533,Rail Car,Siemens,1987,2009-10-31,LOC0004,Medium,Good,261865
AST000534,Rail Car,Alstom,2000,2014-05-23,LOC0021,High,Fair,183905
AST000535,Track Circuit,Alstom,2018,2004-10-01,LOC0018,High,Poor,319430
AST000536,Escalator,GE,2005,2001-11-20,LOC0022,High,Poor,452398
AST000537,Escalator,Siemens,2001,2001-05-26,LOC0003,Medium,Poor,347179
AST000538,Rail Car,Siemens,1998,1994-01-26,LOC0006,Critical,Good,353030
AST000539,Escalator,CRRC,1999,2019-12-18,LOC0022,Medium,Good,340935
AST000540,Vent Fan,Siemens,1990,2000-03-07,LOC0002,High,Fair,42964
AST000541,Track Circuit,Siemens,2014,1998-10-22,LOC0013,Critical,Poor,118582
AST000542,Rail Car,Siemens,1990,2024-08-22,LOC0011,Medium,Fair,219252
AST000543,Signal,Alstom,2009,2007-04-03,LOC0024,Critical,Fair,141120
AST000544,Elevator,Schindler,2011,2011-08-18,LOC0022,Medium,Fair,90319
AST000545,Rail Car,Bombardier,2003,1997-04-29,LOC0023,High,Fair,15000
AST000546,Track Circuit,Kawasaki,2016,1998-07-18,LOC0008,Low,Poor,48021
AST000547,Signal,Schindler,1993,2015-09-04,LOC0015,Medium,Fair,211521
AST000548,Power Breaker,Siemens,2017,2005-02-18,LOC0018,Medium,Good,239586
AST000549,Track Circuit,Kawasaki,2009,1993-08-12,LOC0025,Low,Good,131042
AST000550,Escalator,Siemens,2013,2019-10-01,LOC0001,Low,Fair,261839
AST000551,Signal,Otis,2007,2003-04-21,LOC0025,Medium,Good,184925
AST000552,Vent Fan,ABB,2015,2013-05-26,LOC0009,High,Poor,413586
AST000553,Switch,Bombardier,2025,2000-12-19,LOC0004,Medium,Fair,225756
AST000554,Switch,GE,1997,2009-04-21,LOC0016,Medium,Fair,354450
AST000555,Power Breaker,Otis,2014,2017-06-21,LOC0020,Critical,Good,280482
AST000556,Power Breaker,ABB,2010,2021-08-20,LOC0004,Critical,Fair,39689
AST000557,Switch,Schindler,1998,1995-11-17,LOC0002,Low,Fair,236401
AST000558,Rail Car,CRRC,2020,2013-07-20,LOC0023,Medium,Good,64656
AST000559,Escalator,Kawasaki,1996,2012-06-03,LOC0024,High,Poor,233782
AST000560,Power Breaker,ABB,2003,1995-03-18,LOC0004,High,Good,138230
AST000561,Track Circuit,ABB,1987,1995-09-15,LOC0023,Medium,Good,307294
AST000562,Rail Car,Kawasaki,1991,2016-08-22,LOC0023,High,Good,48647
AST000563,Escalator,GE,2015,2024-09-03,LOC0025,Low,Fair,252205
AST000564,Escalator,Alstom,1996,2010-10-03,LOC0006,Medium,Fair,335862
AST000565,Elevator,ABB,1996,2017-05-26,LOC0015,High,Poor,386139
AST000566,Rail Car,Siemens,1992,2003-10-18,LOC0025,High,Excellent,135375
AST000567,Signal,Alstom,2000,2005-12-14,LOC0023,High,Out of Service,252663
AST000568,Power Breaker,ABB,2013,2010-05-20,LOC0016,Low,Fair,277622
AST000569,Power Breaker,Kawasaki,2018,2009-07-29,LOC0005,Low,Good,482069
AST000570,Elevator,Kawasaki,1986,2019-03-29,LOC0003,Low,Good,27800
AST000571,Signal,Hitachi,2003,1990-10-13,LOC0007,Low,Good,113335
AST000572,Switch,ABB,1999,1996-03-25,LOC0002,Low,Poor,670669
AST000573,Escalator,Alstom,2004,1997-12-29,LOC0005,Medium,Good,209035
AST000574,Signal,Kawasaki,1998,2018-07-28,LOC0002,Medium,Good,15000
AST000575,Vent Fan,Hitachi,1996,2007-03-05,LOC0020,High,Fair,162617
AST000576,Track Circuit,Kawasaki,1999,2008-04-21,LOC0015,Medium,Poor,15000
AST000577,Escalator,Bombardier,2003,2012-07-08,LOC0013,Low,Fair,286138
AST000578,Power Breaker,Otis,2000,2015-02-11,LOC0021,High,Fair,371468
AST000579,Track Circuit,GE,1999,1989-02-23,LOC0011,Low,Good,113251
AST000580,Track Circuit,CRRC,2014,1992-04-27,LOC0011,Critical,Poor,179391
AST000581,Rail Car,Otis,2010,2018-12-31,LOC0006,Low,Good,388548
AST000582,Rail Car,Otis,1995,2013-01-04,LOC0012,Medium,Good,15000
AST000583,Track Circuit,Bombardier,2013,2004-09-02,LOC0005,Critical,Out of Service,51764
AST000584,Rail Car,Bombardier,2016,1989-12-20,LOC0015,High,Good,215783
AST000585,Power Breaker,Siemens,1989,2013-07-12,LOC0025,High,Good,137150
AST000586,Rail Car,Bombardier,2003,2016-09-20,LOC0014,High,Fair,205920
AST000587,Switch,Kawasaki,1993,2001-04-20,LOC0008,Low,Good,60437
AST000588,Track Circuit,Hitachi,2010,1996-12-30,LOC0018,High,Good,282147
AST000589,Track Circuit,GE,1991,2002-10-17,LOC0021,Critical,Fair,227615
AST000590,Signal,Kawasaki,2007,1998-05-07,LOC0012,Critical,Fair,332379
AST000591,Switch,Hitachi,1992,2004-05-06,LOC0007,Medium,Poor,280060
AST000592,Escalator,ABB,2000,2020-08-24,LOC0018,Medium,Good,281004
AST000593,Track Circuit,Otis,2022,2016-12-24,LOC0005,High,Fair,33054
AST000594,Vent Fan,Otis,1996,1999-04-19,LOC0025,Medium,Poor,323889
AST000595,Switch,CRRC,2017,2023-10-29,LOC0008,Medium,Good,200370
AST000596,Signal,Alstom,2024,1995-12-27,LOC0009,Low,Good,225010
AST000597,Escalator,Hitachi,2017,2022-08-10,LOC0019,Low,Excellent,407240
AST000598,Power Breaker,CRRC,1989,1999-10-02,LOC0001,Medium,Fair,142085
AST000599,Switch,Schindler,2014,2008-07-12,LOC0006,Low,Good,452678
AST000600,Switch,Hitachi,1985,2016-12-15,LOC0004,Low,Fair,466671
AST000601,Switch,Hitachi,1996,2021-02-26,LOC0010,Low,Poor,362918
AST000602,Rail Car,GE,2017,1991-02-25,LOC0014,Critical,Good,102907
AST000603,Rail Car,Schindler,2008,2007-01-28,LOC0005,Low,Fair,15000
AST000604,Switch,Hitachi,2001,1994-01-09,LOC0009,Low,Good,411825
AST000605,Signal,Otis,1996,2021-10-11,LOC0020,Medium,Excellent,266708
AST000606,Rail Car,ABB,2013,2003-11-06,LOC0024,Medium,Fair,138220
AST000607,Vent Fan,Otis,2008,2013-08-18,LOC0001,Critical,Good,426034
AST000608,Escalator,Alstom,1999,2008-05-09,LOC0016,Critical,Poor,120766
AST000609,Rail Car,Otis,2018,1990-03-06,LOC0001,Medium,Fair,186377
AST000610,Signal,CRRC,1991,1996-05-21,LOC0014,Medium,Good,328734
AST000611,Switch,Alstom,1989,1996-01-30,LOC0022,Medium,Good,82960
AST000612,Track Circuit,GE,2006,2022-09-26,LOC0020,Low,Good,233578
AST000613,Elevator,Otis,2023,2022-07-07,LOC0006,Medium,Poor,413371
AST000614,Power Breaker,Otis,1992,2006-02-14,LOC0007,Low,Fair,281667
AST000615,Power Breaker,Otis,1992,2021-10-26,LOC0020,Low,Good,437114
AST000616,Vent Fan,Schindler,1988,1997-05-07,LOC0021,High,Fair,420040
AST000617,Vent Fan,Otis,2016,2002-11-22,LOC0008,Low,Fair,251161
AST000618,Vent Fan,Otis,1991,1997-02-19,LOC0001,Low,Fair,15000
AST000619,Signal,Siemens,2000,1997-07-01,LOC0012,Medium,Excellent,84134
AST000620,Signal,Kawasaki,2025,2000-11-27,LOC0016,Medium,Excellent,364500
AST000621,Track Circuit,ABB,1985,2000-09-11,LOC0012,Low,Excellent,17462
AST000622,Rail Car,Siemens,2002,1992-11-19,LOC0024,Low,Good,200996
AST000623,Signal,ABB,2001,2002-06-09,LOC0021,Low,Good,300772
AST000624,Power Breaker,ABB,2013,2021-07-22,LOC0020,Medium,Good,470436
AST000625,Rail Car,Siemens,1995,2001-09-04,LOC0001,High,Good,163747
AST000626,Rail Car,CRRC,1997,2011-03-18,LOC0022,Critical,Good,153477
AST000627,Switch,Hitachi,1989,1999-04-04,LOC0019,Medium,Excellent,242133
AST000628,Switch,GE,2010,1989-05-27,LOC0010,Medium,Poor,302637
AST000629,Switch,ABB,2012,2001-02-21,LOC0015,High,Fair,226863
AST000630,Power Breaker,Bombardier,1988,2023-02-16,LOC0021,High,Good,407390
AST000631,Rail Car,Kawasaki,1996,2018-01-16,LOC0023,Low,Fair,130128
AST000632,Escalator,Kawasaki,2018,2017-10-18,LOC0014,Low,Good,268024
AST000633,Track Circuit,Hitachi,1985,2021-05-17,LOC0002,Medium,Poor,316782
AST000634,Track Circuit,Bombardier,1993,2002-03-08,LOC0016,High,Fair,189965
AST000635,Track Circuit,Bombardier,2002,2000-03-27,LOC0018,Low,Fair,375956
AST000636,Elevator,ABB,1994,2023-02-26,LOC0002,Medium,Poor,272344
AST000637,Elevator,Schindler,1992,2009-09-19,LOC0021,Medium,Poor,368327
AST000638,Switch,Siemens,1999,1999-04-28,LOC0006,Medium,Poor,279116
AST000639,Vent Fan,Kawasaki,1990,1998-07-27,LOC0023,Medium,Good,306461
AST000640,Signal,CRRC,2001,2021-05-02,LOC0014,High,Good,155141
AST000641,Power Breaker,ABB,2008,1990-01-10,LOC0009,Medium,Fair,155384
AST000642,Signal,Schindler,2003,1990-05-06,LOC0002,Medium,Good,433659
AST000643,Switch,ABB,1987,2016-01-14,LOC0001,Low,Fair,345327
AST000644,Power Breaker,Siemens,2015,1988-01-19,LOC0019,High,Fair,96555
AST000645,Switch,Otis,1989,1994-07-01,LOC0010,Medium,Good,277130
AST000646,Track Circuit,Kawasaki,2011,2025-08-22,LOC0022,Low,Good,15000
AST000647,Rail Car,CRRC,1995,2004-03-05,LOC0006,Medium,Fair,163909
AST000648,Switch,CRRC,2012,2015-08-26,LOC0024,High,Good,394154
AST000649,Escalator,ABB,1990,2006-07-04,LOC0024,High,Fair,231228
AST000650,Power Breaker,CRRC,1990,1995-01-04,LOC0003,Critical,Fair,267687
AST000651,Power Breaker,Schindler,2000,2016-12-02,LOC0017,High,Fair,15000
AST000652,Track Circuit,Otis,1985,1991-08-05,LOC0024,Medium,Fair,191162
AST000653,Rail Car,Otis,1991,2010-08-05,LOC0009,Medium,Fair,300741
AST000654,Switch,CRRC,2009,2002-01-26,LOC0002,Low,Fair,319793
AST000655,Switch,Kawasaki,2015,2024-03-08,LOC0022,High,Good,394353
AST000656,Switch,Alstom,1987,2011-01-09,LOC0012,High,Fair,218461
AST000657,Vent Fan,Siemens,2017,2011-05-17,LOC0001,Low,Fair,225152
AST000658,Power Breaker,ABB,2013,2001-04-24,LOC0022,Critical,Good,50182
AST000659,Elevator,Schindler,2017,1989-06-24,LOC0017,Medium,Fair,219322
AST000660,Rail Car,Otis,2008,2017-12-08,LOC0002,Low,Poor,60764
AST000661,Rail Car,ABB,2007,2008-08-12,LOC0007,Medium,Good,15000
AST000662,Rail Car,Schindler,2001,1997-01-12,LOC0001,Critical,Fair,87223
AST000663,Rail Car,CRRC,2006,2016-07-28,LOC0024,Critical,Poor,476303
AST000664,Rail Car,GE,2020,2025-08-26,LOC0001,Medium,Poor,209416
AST000665,Signal,ABB,1987,2004-02-04,LOC0020,Critical,Good,282982
AST000666,Signal,Schindler,1994,1998-10-08,LOC0013,Critical,Fair,172976
AST000667,Vent Fan,ABB,1986,1999-05-18,LOC0015,High,Out of Service,15000
AST000668,Rail Car,CRRC,2021,2010-07-08,LOC0021,Critical,Fair,390417
AST000669,Vent Fan,CRRC,1998,1989-10-19,LOC0023,Medium,Excellent,15000
AST000670,Switch,Schindler,2007,2006-05-15,LOC0004,High,Excellent,166781
AST000671,Rail Car,ABB,2015,1988-12-09,LOC0001,High,Poor,241808
AST000672,Switch,Schindler,2025,1989-06-19,LOC0004,High,Good,284573
AST000673,Switch,Alstom,1989,2004-05-04,LOC0018,Low,Good,141030
AST000674,Signal,ABB,2013,2016-04-29,LOC0015,High,Good,15000
AST000675,Signal,Hitachi,2018,2021-07-25,LOC0003,Critical,Fair,129836
AST000676,Power Breaker,Alstom,1986,1991-05-01,LOC0006,Medium,Good,137686
AST000677,Track Circuit,Siemens,2011,1997-04-10,LOC0014,Critical,Poor,134036
AST000678,Rail Car,Schindler,1995,2009-10-24,LOC0019,Medium,Fair,395509
AST000679,Rail Car,Siemens,2006,2025-07-04,LOC0009,Low,Out of Service,67960
AST000680,Track Circuit,Otis,2001,2014-01-01,LOC0024,Low,Poor,295147
AST000681,Rail Car,ABB,1992,2008-06-15,LOC0025,High,Good,273745
AST000682,Switch,GE,1988,1990-04-24,LOC0020,High,Fair,394068
AST000683,Vent Fan,Kawasaki,1988,1991-01-26,LOC0012,Medium,Excellent,230030
AST000684,Elevator,Schindler,1987,1993-10-25,LOC0022,High,Out of Service,368670
AST000685,Escalator,Kawasaki,2005,2013-02-09,LOC0019,Medium,Good,224167
AST000686,Rail Car,Kawasaki,1995,1997-02-26,LOC0013,Medium,Fair,315159
AST000687,Signal,Siemens,1991,2013-06-18,LOC0012,Critical,Poor,24559
AST000688,Power Breaker,Hitachi,2008,2018-12-25,LOC0021,High,Good,15000
AST000689,Track Circuit,Schindler,2007,2004-09-06,LOC0014,High,Poor,306632
AST000690,Signal,CRRC,2002,2021-07-05,LOC0005,High,Excellent,314677
AST000691,Track Circuit,Alstom,2021,2015-11-24,LOC0025,Critical,Good,321325
AST000692,Elevator,Alstom,1996,2020-12-19,LOC0002,Medium,Fair,171260
AST000693,Rail Car,CRRC,2015,1994-12-26,LOC0018,Medium,Good,473458
AST000694,Escalator,CRRC,1987,2016-10-25,LOC0017,Low,Fair,181018
AST000695,Elevator,Alstom,2010,2024-05-23,LOC0015,High,Poor,313132
AST000696,Switch,ABB,2025,2025-09-14,LOC0002,High,Good,339195
AST000697,Power Breaker,Otis,2015,2009-12-18,LOC0013,High,Fair,507811
AST000698,Rail Car,Alstom,2003,2016-08-30,LOC0023,Medium,Poor,202446
AST000699,Rail Car,GE,2005,2021-10-06,LOC0006,Low,Fair,152021
AST000700,Signal,GE,1995,2020-05-19,LOC0018,High,Excellent,25278
AST000701,Vent Fan,Otis,2007,2022-02-11,LOC0022,Critical,Poor,482855
AST000702,Track Circuit,GE,2011,2002-06-28,LOC0024,Medium,Excellent,313212
AST000703,Signal,ABB,2025,2015-10-01,LOC0013,Low,Fair,317959
AST000704,Rail Car,Hitachi,2000,2018-06-20,LOC0008,Medium,Fair,717506
AST000705,Signal,Kawasaki,1986,2018-10-15,LOC0018,Medium,Fair,298757
AST000706,Signal,Alstom,2004,2023-07-08,LOC0013,Medium,Good,54652
AST000707,Rail Car,Hitachi,1988,2006-01-21,LOC0016,Medium,Good,220614
AST000708,Track Circuit,Hitachi,1992,1994-04-16,LOC0019,High,Fair,103783
AST000709,Power Breaker,CRRC,1994,2012-04-02,LOC0018,Medium,Good,190620
AST000710,Track Circuit,CRRC,2009,2009-07-10,LOC0007,Medium,Good,189612
AST000711,Escalator,Schindler,1990,2007-07-26,LOC0019,Low,Fair,161946
AST000712,Rail Car,Alstom,1989,2020-05-03,LOC0014,Critical,Fair,41008
AST000713,Escalator,Kawasaki,1986,1993-08-25,LOC0024,Medium,Good,488875
AST000714,Rail Car,ABB,2017,2004-05-22,LOC0017,Medium,Good,294827
AST000715,Rail Car,Bombardier,2008,2015-06-12,LOC0023,Low,Poor,216179
AST000716,Vent Fan,GE,1986,2019-02-23,LOC0025,High,Good,363646
AST000717,Track Circuit,CRRC,1985,2017-07-30,LOC0025,Critical,Excellent,320660
AST000718,Switch,Bombardier,2002,2018-05-17,LOC0019,Low,Good,291354
AST000719,Escalator,Hitachi,1993,2020-06-28,LOC0015,Low,Good,352750
AST000720,Power Breaker,Kawasaki,2004,2024-07-20,LOC0003,Low,Out of Service,270090
AST000721,Signal,Hitachi,1998,2011-02-08,LOC0010,High,Good,350533
AST000722,Rail Car,GE,2020,2009-05-31,LOC0012,Critical,Excellent,362967
AST000723,Power Breaker,Hitachi,1993,2014-12-18,LOC0020,Medium,Fair,274408
AST000724,Escalator,Otis,2007,2008-09-05,LOC0015,Medium,Excellent,216941
AST000725,Vent Fan,Hitachi,1986,2023-07-30,LOC0011,High,Good,479560
AST000726,Rail Car,Otis,2022,1996-01-18,LOC0004,High,Out of Service,178315
AST000727,Escalator,Schindler,2024,2022-06-17,LOC0018,Medium,Fair,308697
AST000728,Track Circuit,Kawasaki,2010,2005-01-08,LOC0011,Low,Excellent,312086
AST000729,Vent Fan,CRRC,1999,2009-10-16,LOC0001,Medium,Good,158566
AST000730,Track Circuit,Siemens,1991,2013-01-29,LOC0008,High,Good,128827
AST000731,Escalator,CRRC,2013,2010-01-03,LOC0022,High,Good,196922
AST000732,Track Circuit,Alstom,2010,2022-05-06,LOC0003,High,Fair,176167
AST000733,Rail Car,Schindler,1991,1994-05-10,LOC0011,High,Fair,31280
AST000734,Escalator,GE,1998,2015-09-25,LOC0013,Medium,Fair,152276
AST000735,Rail Car,Otis,1999,2025-01-17,LOC0003,Medium,Poor,289933
AST000736,Power Breaker,Kawasaki,2014,1996-05-13,LOC0005,Low,Good,439892
AST000737,Track Circuit,Bombardier,2007,1997-09-09,LOC0024,Critical,Poor,333159
AST000738,Escalator,ABB,2006,2006-01-18,LOC0015,High,Fair,15000
AST000739,Track Circuit,CRRC,2006,2015-07-16,LOC0006,Medium,Good,346196
AST000740,Track Circuit,GE,1992,2024-06-09,LOC0005,Low,Poor,166277
AST000741,Rail Car,Hitachi,1996,2018-03-28,LOC0011,High,Excellent,317962
AST000742,Signal,GE,1986,2018-03-04,LOC0019,High,Fair,247880
AST000743,Signal,Schindler,2012,2004-10-06,LOC0019,High,Fair,221097
AST000744,Escalator,Otis,1998,2012-07-10,LOC0005,Medium,Good,234665
AST000745,Escalator,Bombardier,1998,1996-01-10,LOC0019,Critical,Poor,246636
AST000746,Escalator,Hitachi,1992,2005-08-07,LOC0023,High,Good,451661
AST000747,Signal,GE,1990,1995-03-07,LOC0006,High,Poor,247051
AST000748,Track Circuit,CRRC,2003,1989-01-11,LOC0001,High,Excellent,412830
AST000749,Switch,ABB,1991,2020-07-18,LOC0024,Critical,Good,390986
AST000750,Elevator,Hitachi,1986,2018-07-30,LOC0014,Critical,Good,350057
AST000751,Power Breaker,CRRC,2011,2007-05-29,LOC0020,High,Poor,15000
AST000752,Switch,ABB,1996,1991-06-05,LOC0009,Medium,Good,417495
AST000753,Escalator,CRRC,1996,2015-03-31,LOC0008,Medium,Poor,181315
AST000754,Signal,CRRC,1998,2020-09-20,LOC0006,High,Good,357359
AST000755,Switch,CRRC,2014,2021-04-20,LOC0006,High,Good,104120
AST000756,Signal,Schindler,1994,2016-12-29,LOC0012,Low,Good,72239
AST000757,Track Circuit,Kawasaki,2011,1999-10-06,LOC0003,Low,Excellent,546458
AST000758,Escalator,CRRC,2021,2010-01-13,LOC0022,Critical,Poor,106453
AST000759,Power Breaker,Hitachi,2006,1995-08-11,LOC0013,Critical,Good,421916
AST000760,Switch,Siemens,1998,1991-03-23,LOC0023,Critical,Fair,267763
AST000761,Rail Car,GE,2010,2007-06-09,LOC0013,Medium,Fair,186982
AST000762,Escalator,Otis,1999,2005-02-15,LOC0008,High,Fair,243276
AST000763,Vent Fan,Schindler,1997,1994-01-03,LOC0013,High,Fair,54836
AST000764,Rail Car,Siemens,2001,2016-07-19,LOC0004,Medium,Poor,247937
AST000765,Switch,Schindler,1994,2011-12-24,LOC0021,Low,Fair,87589
AST000766,Rail Car,Alstom,1987,2002-03-01,LOC0019,Critical,Fair,190683
AST000767,Track Circuit,Schindler,1997,2001-01-23,LOC0004,Low,Fair,388795
AST000768,Vent Fan,Schindler,1988,2006-04-13,LOC0015,High,Fair,288129
AST000769,Track Circuit,Otis,1997,1997-12-10,LOC0014,High,Good,27674
AST000770,Escalator,ABB,2002,1998-09-23,LOC0006,High,Fair,377723
AST000771,Signal,ABB,2020,1998-07-27,LOC0004,Medium,Good,248935
AST000772,Track Circuit,Otis,1985,1988-06-24,LOC0020,High,Fair,168672
AST000773,Power Breaker,Kawasaki,2005,2023-04-04,LOC0007,Medium,Poor,362001
AST000774,Rail Car,Bombardier,1999,1996-12-27,LOC0013,High,Poor,224919
AST000775,Rail Car,GE,1985,1994-04-10,LOC0007,Medium,Poor,75151
AST000776,Power Breaker,ABB,1992,1993-09-29,LOC0017,High,Fair,527171
AST000777,Power Breaker,GE,1988,2025-07-19,LOC0002,High,Fair,247407
AST000778,Track Circuit,Schindler,1991,2006-02-11,LOC0009,Low,Good,237792
AST000779,Rail Car,Alstom,1992,2003-05-07,LOC0014,Medium,Fair,189234
AST000780,Rail Car,ABB,1997,1991-05-11,LOC0011,High,Good,426995
AST000781,Rail Car,Alstom,2001,1999-12-02,LOC0016,Low,Excellent,171268
AST000782,Track Circuit,Schindler,1985,1997-06-13,LOC0005,Low,Poor,18253
AST000783,Switch,Bombardier,1989,1990-03-21,LOC0012,Medium,Poor,148198
AST000784,Power Breaker,CRRC,1987,2004-03-01,LOC0019,Critical,Fair,449016
AST000785,Power Breaker,ABB,2002,2018-01-07,LOC0009,High,Good,374820
AST000786,Power Breaker,Siemens,1994,2019-09-04,LOC0004,Medium,Fair,211748
AST000787,Vent Fan,Hitachi,2002,2007-06-23,LOC0022,Critical,Good,455988
AST000788,Escalator,Alstom,1991,1996-06-15,LOC0020,Medium,Poor,362191
AST000789,Elevator,Kawasaki,1985,2000-10-21,LOC0018,Medium,Out of Service,210012
AST000790,Elevator,CRRC,2021,1996-06-12,LOC0020,Medium,Good,225114
AST000791,Rail Car,Schindler,1988,2013-02-26,LOC0020,Medium,Good,299398
AST000792,Rail Car,Alstom,1988,1999-02-13,LOC0019,Medium,Good,125217
AST000793,Switch,Siemens,1989,2011-12-18,LOC0013,High,Excellent,250676
AST000794,Escalator,CRRC,2024,2023-09-18,LOC0001,Low,Good,296277
AST000795,Track Circuit,GE,2005,2003-03-24,LOC0015,High,Excellent,15000
AST000796,Switch,Alstom,2004,2013-11-12,LOC0007,Medium,Excellent,221602
AST000797,Rail Car,Alstom,2024,2013-02-20,LOC0020,Medium,Good,204542
AST000798,Track Circuit,Hitachi,1987,2019-01-28,LOC0012,Low,Good,404210
AST000799,Switch,Otis,2023,2005-10-28,LOC0023,High,Fair,15000
AST000800,Elevator,Bombardier,1990,2018-02-10,LOC0015,High,Excellent,192774
AST000801,Power Breaker,Hitachi,2005,2001-07-02,LOC0014,Medium,Poor,177737
AST000802,Switch,Otis,1997,2006-09-01,LOC0023,Low,Good,394011
AST000803,Signal,Siemens,1996,2006-12-26,LOC0012,Medium,Excellent,243468
AST000804,Track Circuit,Siemens,2020,2014-10-08,LOC0010,High,Excellent,519414
AST000805,Elevator,Siemens,1989,2011-07-01,LOC0010,Medium,Fair,349332
AST000806,Elevator,CRRC,2025,1990-12-22,LOC0022,High,Good,188467
AST000807,Signal,Schindler,1996,2018-09-29,LOC0019,Medium,Fair,285949
AST000808,Elevator,Bombardier,2006,2016-10-20,LOC0005,Low,Excellent,196890
AST000809,Signal,Siemens,2023,1991-12-22,LOC0013,High,Out of Service,378909
AST000810,Track Circuit,Siemens,1986,2024-07-19,LOC0010,Medium,Good,50170
AST000811,Vent Fan,Bombardier,2020,2006-09-03,LOC0017,Low,Good,126446
AST000812,Switch,Alstom,2003,1998-08-19,LOC0002,Critical,Poor,318353
AST000813,Signal,Alstom,2008,2023-06-14,LOC0018,Low,Good,433863
AST000814,Rail Car,Schindler,1989,2003-11-25,LOC0019,Medium,Good,15000
AST000815,Rail Car,Otis,2001,1996-08-05,LOC0006,Medium,Poor,456171
AST000816,Power Breaker,Hitachi,2007,2001-07-18,LOC0004,Medium,Good,228980
AST000817,Vent Fan,ABB,1998,2007-12-10,LOC0016,High,Excellent,15000
AST000818,Signal,Otis,1989,2014-02-23,LOC0007,Low,Good,15000
AST000819,Signal,ABB,1992,2023-04-04,LOC0024,Critical,Excellent,20592
AST000820,Elevator,GE,2016,1995-05-28,LOC0020,High,Poor,247044
AST000821,Switch,Siemens,1985,2024-06-26,LOC0024,Critical,Fair,240115
AST000822,Power Breaker,ABB,2008,1992-11-09,LOC0014,High,Fair,344980
AST000823,Escalator,Bombardier,2025,2023-03-16,LOC0024,Critical,Good,167577
AST000824,Signal,Otis,1985,2001-04-05,LOC0001,High,Fair,83794
AST000825,Elevator,Bombardier,1989,2011-08-01,LOC0008,Medium,Fair,188037
AST000826,Switch,Alstom,2007,2014-07-12,LOC0001,Medium,Excellent,255042
AST000827,Rail Car,Siemens,1986,1988-07-05,LOC0017,High,Poor,284616
AST000828,Rail Car,Schindler,2003,1996-06-02,LOC0013,Medium,Fair,131625
AST000829,Rail Car,Alstom,2007,2014-01-31,LOC0008,High,Poor,385217
AST000830,Escalator,Schindler,2003,1988-05-09,LOC0008,Low,Good,156790
AST000831,Escalator,CRRC,1995,2019-05-28,LOC0017,High,Good,119542
AST000832,Vent Fan,GE,2008,1993-10-31,LOC0005,Medium,Fair,168641
AST000833,Vent Fan,Schindler,2004,1991-10-25,LOC0013,Critical,Poor,411226
AST000834,Rail Car,Otis,1990,2009-05-14,LOC0016,Low,Good,230081
AST000835,Signal,Alstom,2002,1992-07-08,LOC0006,Low,Excellent,145823
AST000836,Escalator,Bombardier,2017,2012-10-25,LOC0006,High,Poor,388916
AST000837,Vent Fan,Hitachi,2007,2008-09-03,LOC0009,High,Good,571412
AST000838,Track Circuit,Bombardier,1999,2012-08-28,LOC0015,High,Good,281452
AST000839,Rail Car,Otis,1994,2006-09-05,LOC0007,Critical,Fair,435076
AST000840,Rail Car,Alstom,1987,2017-07-29,LOC0010,Medium,Excellent,405412
AST000841,Signal,Kawasaki,1992,2012-07-01,LOC0014,High,Excellent,159154
AST000842,Escalator,Alstom,1985,2003-10-12,LOC0005,Medium,Excellent,253995
AST000843,Track Circuit,Schindler,2024,1988-08-01,LOC0015,Medium,Poor,57618
AST000844,Elevator,CRRC,1991,1992-12-29,LOC0004,Medium,Good,219259
AST000845,Elevator,CRRC,2014,1988-08-04,LOC0004,Low,Fair,156071
AST000846,Elevator,Bombardier,1989,1998-05-19,LOC0006,High,Out of Service,189567
AST000847,Track Circuit,ABB,1993,1995-11-07,LOC0008,High,Fair,137516
AST000848,Track Circuit,Schindler,1997,1990-12-01,LOC0001,Low,Fair,206935
AST000849,Escalator,GE,1994,1999-11-14,LOC0025,Critical,Fair,329835
AST000850,Elevator,CRRC,2013,2007-04-01,LOC0008,Medium,Good,232076
AST000851,Rail Car,ABB,2022,1994-10-09,LOC0021,Low,Fair,15000
AST000852,Power Breaker,Kawasaki,2017,1998-05-18,LOC0023,High,Poor,138082
AST000853,Signal,GE,1989,1988-10-06,LOC0021,Low,Fair,22090
AST000854,Power Breaker,Kawasaki,2012,1989-11-30,LOC0021,Low,Good,286609
AST000855,Signal,Hitachi,1989,2005-03-18,LOC0003,High,Good,325498
AST000856,Signal,Kawasaki,2019,2013-04-23,LOC0010,Low,Poor,288482
AST000857,Rail Car,Siemens,2001,2011-12-04,LOC0019,Low,Good,131889
AST000858,Signal,Alstom,1994,2011-06-10,LOC0015,High,Poor,287028
AST000859,Signal,GE,1989,1997-09-18,LOC0001,Low,Good,179483
AST000860,Signal,ABB,1985,2018-04-30,LOC0015,High,Fair,79266
AST000861,Rail Car,Kawasaki,1992,1993-03-24,LOC0021,High,Poor,361289
AST000862,Elevator,GE,2019,2021-05-23,LOC0021,Low,Fair,372704
AST000863,Signal,Siemens,2013,2009-06-07,LOC0010,Medium,Good,392334
AST000864,Escalator,GE,2023,1996-06-01,LOC0006,Low,Poor,158748
AST000865,Elevator,ABB,1987,1990-05-04,LOC0008,High,Good,426904
AST000866,Switch,Schindler,2004,2015-05-10,LOC0008,Low,Good,175963
AST000867,Signal,Otis,1992,2004-05-16,LOC0009,Critical,Fair,348025
AST000868,Power Breaker,Hitachi,2002,1999-10-12,LOC0008,Medium,Good,173363
AST000869,Elevator,Otis,1994,2002-10-30,LOC0012,High,Fair,216403
AST000870,Rail Car,Otis,1993,2004-04-03,LOC0002,Low,Good,15000
AST000871,Elevator,Kawasaki,2003,1990-12-29,LOC0007,Medium,Good,204713
AST000872,Signal,Schindler,1990,1998-08-19,LOC0008,Medium,Poor,263663
AST000873,Track Circuit,Bombardier,1999,1993-07-10,LOC0004,High,Excellent,188493
AST000874,Escalator,Hitachi,2006,2014-01-22,LOC0022,Critical,Good,513428
AST000875,Switch,Kawasaki,1988,2018-05-31,LOC0017,Low,Fair,75630
AST000876,Escalator,Siemens,2020,2019-12-15,LOC0023,Low,Poor,165463
AST000877,Rail Car,Alstom,2000,2012-01-18,LOC0015,Medium,Fair,114269
AST000878,Escalator,Bombardier,2014,2003-11-09,LOC0003,Medium,Poor,165433
AST000879,Rail Car,ABB,2006,2011-11-08,LOC0023,Critical,Good,404712
AST000880,Track Circuit,Otis,2009,1992-01-24,LOC0012,Critical,Good,471705
AST000881,Switch,Otis,2009,2008-06-15,LOC0018,Critical,Poor,144881
AST000882,Switch,Otis,2017,2009-03-08,LOC0010,Low,Poor,141549
AST000883,Escalator,Hitachi,2004,1989-03-07,LOC0013,Medium,Fair,76431
AST000884,Signal,Alstom,1993,2008-10-31,LOC0013,High,Fair,445943
AST000885,Signal,Siemens,1987,2015-06-21,LOC0008,Medium,Good,418151
AST000886,Switch,Bombardier,2004,2001-12-19,LOC0014,High,Excellent,234103
AST000887,Switch,Hitachi,1986,2008-09-15,LOC0019,Medium,Poor,40585
AST000888,Elevator,Schindler,1991,1998-11-14,LOC0001,Medium,Poor,54001
AST000889,Track Circuit,ABB,1986,1998-04-15,LOC0004,Critical,Good,275594
AST000890,Vent Fan,Alstom,2002,1992-12-02,LOC0022,Medium,Good,332401
AST000891,Signal,ABB,1989,2000-06-16,LOC0015,Critical,Good,15000
AST000892,Escalator,Siemens,2004,2018-07-09,LOC0025,Medium,Good,201804
AST000893,Rail Car,Alstom,2012,2012-02-25,LOC0016,Low,Fair,492744
AST000894,Track Circuit,Alstom,2014,2011-09-22,LOC0017,Medium,Fair,217374
AST000895,Power Breaker,Bombardier,1994,2011-04-29,LOC0023,Low,Good,473446
AST000896,Vent Fan,Schindler,2002,2006-01-31,LOC0017,Medium,Fair,347357
AST000897,Power Breaker,CRRC,2002,2011-08-05,LOC0009,Low,Out of Service,87358
AST000898,Switch,ABB,1999,2017-10-21,LOC0014,High,Good,206099
AST000899,Switch,Hitachi,2006,2003-09-21,LOC0006,Critical,Good,230696
AST000900,Escalator,Otis,1990,2009-07-03,LOC0009,Medium,Fair,107123
AST000901,Track Circuit,CRRC,2024,2005-11-12,LOC0018,Low,Good,104520
AST000902,Escalator,Schindler,1987,1998-11-06,LOC0004,Medium,Fair,476015
AST000903,Rail Car,Siemens,2014,1999-01-12,LOC0017,High,Fair,103396
AST000904,Rail Car,GE,2004,1990-12-29,LOC0015,High,Good,411765
AST000905,Elevator,CRRC,1992,2015-01-27,LOC0008,Low,Good,184527
AST000906,Escalator,Schindler,2010,2014-01-19,LOC0002,Medium,Poor,246154
AST000907,Signal,CRRC,1987,2025-06-15,LOC0018,Medium,Good,334277
AST000908,Signal,Schindler,2012,1989-07-08,LOC0021,Medium,Fair,160216
AST000909,Rail Car,Siemens,2003,2016-11-26,LOC0019,Low,Fair,335186
AST000910,Rail Car,Bombardier,1988,2004-08-01,LOC0011,Critical,Poor,15000
AST000911,Switch,Kawasaki,1987,1998-10-02,LOC0017,Low,Fair,315956
AST000912,Track Circuit,Kawasaki,2010,2001-07-27,LOC0011,Low,Poor,15000
AST000913,Escalator,CRRC,1993,2013-12-08,LOC0009,Low,Fair,215973
AST000914,Elevator,Alstom,2018,2020-10-05,LOC0009,High,Good,378136
AST000915,Rail Car,CRRC,2011,2012-06-03,LOC0006,Medium,Good,343344
AST000916,Track Circuit,Hitachi,2008,2007-07-16,LOC0025,Medium,Good,55238
AST000917,Switch,CRRC,1993,2012-10-18,LOC0017,Medium,Good,74550
AST000918,Rail Car,Alstom,2008,1990-09-06,LOC0005,High,Good,146699
AST000919,Track Circuit,Schindler,2022,1989-08-07,LOC0022,Medium,Good,277932
AST000920,Rail Car,Kawasaki,1987,2021-10-15,LOC0004,Critical,Good,15000
AST000921,Escalator,Siemens,1994,2007-04-26,LOC0015,Medium,Excellent,248016
AST000922,Signal,Siemens,1991,2002-03-19,LOC0005,Low,Good,296714
AST000923,Signal,Bombardier,1996,2012-03-24,LOC0010,Critical,Fair,207544
AST000924,Switch,Siemens,2010,2014-10-21,LOC0017,High,Fair,328798
AST000925,Power Breaker,Otis,1999,2007-08-04,LOC0025,Medium,Poor,283559
AST000926,Escalator,CRRC,2003,1996-12-23,LOC0025,High,Fair,168752
AST000927,Switch,Otis,1994,1990-10-13,LOC0023,Medium,Poor,15000
AST000928,Power Breaker,ABB,1988,1998-10-07,LOC0006,Medium,Poor,270012
AST000929,Rail Car,ABB,1992,2008-02-06,LOC0003,High,Excellent,107039
AST000930,Rail Car,Otis,2016,2004-02-10,LOC0023,High,Out of Service,163249
AST000931,Power Breaker,Schindler,2004,2007-03-29,LOC0024,Medium,Excellent,321869
AST000932,Signal,Schindler,1996,1998-07-21,LOC0007,High,Fair,462600
AST000933,Switch,Alstom,2012,2023-08-21,LOC0001,Medium,Poor,244291
AST000934,Rail Car,Otis,1986,2020-02-25,LOC0017,Low,Good,333110
AST000935,Switch,Kawasaki,1992,2002-11-09,LOC0002,Critical,Fair,33328
AST000936,Escalator,Kawasaki,1991,2004-11-08,LOC0002,Medium,Good,286829
AST000937,Switch,Siemens,2024,1997-12-31,LOC0024,High,Excellent,241014
AST000938,Signal,Kawasaki,2008,2002-05-29,LOC0013,High,Excellent,434384
AST000939,Switch,Kawasaki,2005,2018-07-24,LOC0003,High,Excellent,168931
AST000940,Rail Car,Alstom,1985,2013-07-16,LOC0017,Medium,Excellent,213754
AST000941,Switch,Bombardier,1990,2014-11-01,LOC0010,Critical,Fair,408822
AST000942,Signal,Schindler,2005,2004-07-04,LOC0014,High,Fair,236195
AST000943,Power Breaker,ABB,1996,1991-02-04,LOC0023,High,Good,83674
AST000944,Track Circuit,Kawasaki,2020,1988-08-08,LOC0006,Medium,Fair,632745
AST000945,Track Circuit,Schindler,2011,2005-11-09,LOC0017,Medium,Excellent,88211
AST000946,Signal,Schindler,1998,2018-10-12,LOC0021,Low,Good,240295
AST000947,Track Circuit,GE,2010,1989-01-26,LOC0011,Medium,Fair,302003
AST000948,Switch,CRRC,2024,2021-09-21,LOC0025,Low,Poor,290143
AST000949,Rail Car,CRRC,1999,2013-09-06,LOC0012,High,Good,221538
AST000950,Switch,Alstom,2006,1988-04-21,LOC0012,Critical,Excellent,222286
AST000951,Power Breaker,Kawasaki,2020,2001-01-22,LOC0023,Medium,Poor,214760
AST000952,Power Breaker,Siemens,1992,1996-05-18,LOC0016,Medium,Poor,82610
AST000953,Signal,GE,2018,2024-01-26,LOC0022,High,Good,572533
AST000954,Signal,CRRC,1987,2009-01-29,LOC0020,Low,Good,217001
AST000955,Signal,Alstom,2006,2000-04-25,LOC0018,Critical,Excellent,339540
AST000956,Rail Car,GE,2012,2009-06-04,LOC0007,Medium,Fair,199802
AST000957,Signal,Hitachi,2004,1988-03-11,LOC0010,Low,Poor,196785
AST000958,Power Breaker,Kawasaki,2000,1997-10-12,LOC0022,Low,Fair,181683
AST000959,Escalator,ABB,2005,2011-07-25,LOC0016,Critical,Good,17523
AST000960,Elevator,Schindler,1989,2005-09-30,LOC0008,Medium,Fair,225907
AST000961,Rail Car,CRRC,1991,1993-04-27,LOC0009,High,Poor,188949
AST000962,Vent Fan,Schindler,1992,2002-01-30,LOC0020,Low,Fair,425729
AST000963,Signal,Kawasaki,2004,2020-01-11,LOC0005,Low,Poor,70495
AST000964,Track Circuit,Siemens,1998,1995-09-28,LOC0003,Critical,Good,163428
AST000965,Track Circuit,Hitachi,1992,1994-03-17,LOC0020,Low,Good,115234
AST000966,Vent Fan,CRRC,2017,1992-03-27,LOC0008,Low,Fair,466380
AST000967,Rail Car,Bombardier,1996,2019-01-13,LOC0020,Medium,Good,119589
AST000968,Elevator,Otis,1998,1992-07-21,LOC0014,Critical,Out of Service,334345
AST000969,Switch,GE,1997,2010-02-06,LOC0025,Medium,Fair,395524
AST000970,Vent Fan,Alstom,1990,2012-05-21,LOC0014,Low,Good,228082
AST000971,Rail Car,Bombardier,2009,2003-09-01,LOC0022,Critical,Good,43478
AST000972,Rail Car,Kawasaki,1998,1988-01-27,LOC0022,High,Fair,45377
AST000973,Vent Fan,Hitachi,1985,1993-11-29,LOC0006,Critical,Good,378965
AST000974,Track Circuit,Schindler,2023,2024-03-17,LOC0025,High,Fair,60911
AST000975,Track Circuit,Otis,2014,1993-06-16,LOC0019,High,Good,308804
AST000976,Rail Car,ABB,2009,1988-10-04,LOC0003,Medium,Good,267152
AST000977,Signal,CRRC,2017,2019-01-04,LOC0001,Medium,Fair,306570
AST000978,Track Circuit,Alstom,2019,2003-11-27,LOC0007,High,Excellent,320738
AST000979,Switch,Hitachi,1994,2001-07-25,LOC0001,High,Fair,109949
AST000980,Signal,Siemens,2004,2015-04-06,LOC0009,Critical,Fair,103671
AST000981,Power Breaker,Otis,2004,2007-11-16,LOC0025,High,Good,357239
AST000982,Rail Car,Otis,1992,2022-10-02,LOC0012,Medium,Fair,155598
AST000983,Track Circuit,CRRC,1991,2005-10-07,LOC0001,Medium,Fair,15000
AST000984,Track Circuit,Schindler,1988,2015-02-02,LOC0013,High,Poor,347313
AST000985,Rail Car,Alstom,2006,2021-05-24,LOC0006,Medium,Good,94561
AST000986,Rail Car,ABB,2012,2005-08-13,LOC0022,High,Good,320070
AST000987,Power Breaker,Siemens,2011,1998-10-20,LOC0003,High,Fair,458923
AST000988,Power Breaker,Otis,1994,2025-01-10,LOC0020,Low,Fair,252514
AST000989,Track Circuit,Otis,1990,1996-08-13,LOC0012,High,Fair,399365
AST000990,Track Circuit,Bombardier,1998,2009-12-20,LOC0001,High,Fair,273070
AST000991,Rail Car,GE,2002,2025-07-02,LOC0017,Critical,Fair,488114
AST000992,Rail Car,GE,2020,1991-04-14,LOC0012,Medium,Good,90684
AST000993,Rail Car,Siemens,2017,2020-04-10,LOC0020,High,Fair,248768
AST000994,Escalator,ABB,2019,2019-07-22,LOC0016,Medium,Good,350974
AST000995,Rail Car,ABB,2015,2023-04-19,LOC0020,Medium,Good,221438
AST000996,Track Circuit,Kawasaki,2023,2004-01-07,LOC0012,Low,Fair,422833
AST000997,Track Circuit,Kawasaki,1999,1997-09-05,LOC0001,Critical,Fair,185194
AST000998,Track Circuit,Alstom,1986,2007-06-18,LOC0004,Critical,Good,560406
AST000999,Signal,Hitachi,1987,1993-05-31,LOC0012,Medium,Poor,568330
AST001000,Switch,Schindler,1996,2020-01-10,LOC0010,High,Fair,292311
AST001001,Escalator,GE,1992,2013-03-16,LOC0020,Low,Fair,332890
AST001002,Track Circuit,Siemens,1989,2006-05-14,LOC0011,High,Poor,428751
AST001003,Switch,Bombardier,2022,2015-01-22,LOC0022,Medium,Good,71920
AST001004,Rail Car,Kawasaki,1990,2007-11-18,LOC0005,High,Fair,53200
AST001005,Escalator,Schindler,2022,2019-11-29,LOC0010,Low,Good,438463
AST001006,Switch,GE,2011,2023-02-18,LOC0019,High,Good,291098
AST001007,Elevator,Bombardier,2006,2024-02-03,LOC0004,Medium,Good,216024
AST001008,Power Breaker,Siemens,2007,2011-07-25,LOC0009,High,Excellent,251668
AST001009,Rail Car,ABB,1994,2016-03-19,LOC0019,High,Fair,15000
AST001010,Escalator,Bombardier,2006,1999-10-27,LOC0015,Medium,Good,221416
AST001011,Signal,CRRC,1990,1989-06-13,LOC0020,Medium,Fair,137043
AST001012,Vent Fan,Hitachi,2021,2003-03-15,LOC0013,High,Good,387711
AST001013,Track Circuit,Otis,1993,2021-02-14,LOC0022,High,Good,399255
AST001014,Power Breaker,Alstom,1992,2008-09-25,LOC0022,Low,Poor,336502
AST001015,Rail Car,Alstom,2009,2004-04-23,LOC0025,Medium,Fair,309319
AST001016,Signal,GE,2006,1993-06-12,LOC0004,Medium,Poor,25398
AST001017,Signal,Bombardier,1998,2015-12-02,LOC0015,High,Fair,338596
AST001018,Escalator,Otis,2005,2018-10-16,LOC0003,High,Excellent,344410
AST001019,Rail Car,ABB,1989,2014-10-13,LOC0006,Low,Fair,436779
AST001020,Signal,Hitachi,2007,1996-12-07,LOC0008,High,Fair,567731
AST001021,Escalator,Alstom,1992,2008-02-25,LOC0017,High,Excellent,15000
AST001022,Power Breaker,Hitachi,1992,2002-03-23,LOC0011,High,Poor,191728
AST001023,Rail Car,Alstom,1989,2007-03-22,LOC0022,Low,Fair,138660
AST001024,Rail Car,Alstom,1994,2013-05-27,LOC0008,Medium,Fair,275876
AST001025,Signal,Otis,1994,1991-09-05,LOC0016,Medium,Fair,252010
AST001026,Elevator,Alstom,1998,2018-11-21,LOC0020,Low,Fair,214888
AST001027,Track Circuit,Siemens,1990,2005-06-09,LOC0025,Medium,Good,404141
AST001028,Power Breaker,Schindler,1990,2008-01-16,LOC0007,Low,Out of Service,84788
AST001029,Track Circuit,Hitachi,2002,2014-04-26,LOC0019,Low,Good,93832
AST001030,Rail Car,ABB,1988,1993-12-27,LOC0003,High,Good,96366
AST001031,Switch,Alstom,2008,2007-06-06,LOC0014,Medium,Excellent,195951
AST001032,Switch,Hitachi,2021,2006-01-12,LOC0011,High,Fair,65711
AST001033,Elevator,ABB,1997,2018-11-29,LOC0024,Low,Out of Service,242714
AST001034,Rail Car,Otis,2018,2020-11-19,LOC0020,High,Poor,225176
AST001035,Rail Car,ABB,1987,1998-10-09,LOC0024,Medium,Fair,132023
AST001036,Vent Fan,Schindler,1986,2002-09-06,LOC0022,High,Out of Service,381065
AST001037,Vent Fan,Schindler,2009,2008-12-16,LOC0011,High,Fair,241075
AST001038,Power Breaker,Hitachi,2011,2003-01-16,LOC0019,Medium,Good,409397
AST001039,Switch,Hitachi,2015,1994-10-07,LOC0001,High,Fair,220743
AST001040,Rail Car,ABB,1986,2003-05-09,LOC0014,Medium,Excellent,246371
AST001041,Power Breaker,Siemens,2012,2022-12-26,LOC0002,High,Good,165583
AST001042,Track Circuit,Otis,1996,2008-09-13,LOC0019,Low,Good,248943
AST001043,Signal,Otis,1993,2002-09-16,LOC0025,Medium,Good,356835
AST001044,Elevator,GE,1989,2013-02-04,LOC0018,Low,Poor,188300
AST001045,Rail Car,GE,2025,2004-05-10,LOC0021,Critical,Out of Service,327762
AST001046,Rail Car,GE,1986,2006-08-04,LOC0006,Medium,Good,128088
AST001047,Vent Fan,Otis,2014,1996-04-11,LOC0025,High,Fair,363858
AST001048,Rail Car,Kawasaki,2005,2020-11-10,LOC0014,Medium,Good,163014
AST001049,Rail Car,Alstom,2010,2020-12-08,LOC0017,Medium,Good,377752
AST001050,Track Circuit,ABB,2009,1994-08-24,LOC0020,Medium,Good,259146
AST001051,Track Circuit,Siemens,2016,2001-02-23,LOC0016,Critical,Good,478143
AST001052,Signal,ABB,1990,1998-05-02,LOC0008,High,Good,76890
AST001053,Elevator,Hitachi,1985,2023-01-26,LOC0016,Low,Good,28573
AST001054,Elevator,GE,2004,1990-06-24,LOC0017,High,Excellent,157567
AST001055,Track Circuit,ABB,1995,1995-11-17,LOC0022,Medium,Good,42308
AST001056,Track Circuit,GE,1988,1999-12-19,LOC0013,Low,Poor,42590
AST001057,Power Breaker,GE,1990,2009-04-13,LOC0013,Medium,Excellent,343233
AST001058,Signal,Kawasaki,1994,1997-06-17,LOC0013,Low,Good,249373
AST001059,Rail Car,Bombardier,1986,2008-05-22,LOC0003,Medium,Fair,178048
AST001060,Rail Car,Siemens,1986,2016-05-23,LOC0003,High,Good,191956
AST001061,Escalator,GE,2019,2019-06-27,LOC0001,Medium,Fair,160414
AST001062,Switch,Bombardier,1994,1991-10-06,LOC0017,Critical,Excellent,497555
AST001063,Escalator,Schindler,2024,1993-04-11,LOC0011,High,Fair,139674
AST001064,Track Circuit,Hitachi,2023,2012-10-11,LOC0022,High,Fair,51680
AST001065,Rail Car,Schindler,1988,2008-03-11,LOC0018,High,Fair,369408
AST001066,Signal,Alstom,2009,2018-01-20,LOC0004,Critical,Fair,217637
AST001067,Rail Car,Siemens,2004,2010-04-09,LOC0003,Medium,Good,555816
AST001068,Rail Car,Otis,2008,1996-12-11,LOC0010,Medium,Good,171069
AST001069,Switch,Schindler,1987,2007-05-21,LOC0024,Medium,Good,376898
AST001070,Signal,Kawasaki,1990,2014-09-20,LOC0002,Critical,Fair,412330
AST001071,Switch,GE,1987,1989-05-14,LOC0005,Low,Excellent,171800
AST001072,Track Circuit,Bombardier,2004,2011-01-15,LOC0001,High,Good,138562
AST001073,Signal,ABB,2024,2006-11-21,LOC0011,High,Fair,361205
AST001074,Vent Fan,Kawasaki,2007,1990-08-22,LOC0025,Medium,Excellent,336234
AST001075,Track Circuit,Alstom,2009,1998-01-05,LOC0018,Critical,Excellent,38408
AST001076,Elevator,Siemens,2024,2005-01-16,LOC0013,Medium,Fair,80735
AST001077,Vent Fan,Kawasaki,2007,2001-01-08,LOC0004,Low,Good,15000
AST001078,Signal,Bombardier,1986,1999-01-08,LOC0009,High,Poor,339308
AST001079,Escalator,CRRC,2016,2012-08-30,LOC0014,Medium,Poor,210726
AST001080,Power Breaker,GE,1995,2003-05-14,LOC0007,Low,Poor,225677
AST001081,Rail Car,Siemens,1985,2006-11-29,LOC0018,Low,Good,15000
AST001082,Rail Car,CRRC,2000,2018-05-02,LOC0025,Low,Good,85285
AST001083,Rail Car,Otis,2021,1991-07-17,LOC0006,High,Fair,178306
AST001084,Signal,Hitachi,1992,2001-09-04,LOC0007,Critical,Fair,149151
AST001085,Rail Car,Kawasaki,2000,1995-01-20,LOC0004,Medium,Fair,267675
AST001086,Vent Fan,CRRC,1989,2019-02-25,LOC0019,Low,Good,337520
AST001087,Vent Fan,Hitachi,1986,1995-04-03,LOC0012,Medium,Excellent,590442
AST001088,Signal,Kawasaki,1987,2000-04-24,LOC0008,Critical,Good,246997
AST001089,Escalator,Kawasaki,2009,2019-08-04,LOC0006,High,Good,417310
AST001090,Track Circuit,Schindler,2016,1994-10-03,LOC0002,Medium,Good,125504
AST001091,Power Breaker,Otis,1989,1996-02-05,LOC0012,Low,Poor,15000
AST001092,Signal,Hitachi,1993,2021-07-03,LOC0018,Critical,Excellent,197155
AST001093,Power Breaker,CRRC,1990,2000-03-26,LOC0006,Critical,Fair,15000
AST001094,Elevator,CRRC,1985,1991-06-18,LOC0001,Low,Poor,252201
AST001095,Signal,CRRC,2002,2020-12-10,LOC0012,High,Good,132932
AST001096,Signal,Kawasaki,2008,2021-04-11,LOC0017,Low,Fair,15000
AST001097,Elevator,Siemens,2006,2020-07-18,LOC0009,Low,Fair,510404
AST001098,Signal,GE,1996,1999-03-22,LOC0007,High,Good,169366
AST001099,Rail Car,ABB,2002,1992-05-04,LOC0004,Medium,Fair,15000
AST001100,Power Breaker,CRRC,1987,2004-03-01,LOC0019,Medium,Poor,384726
AST001101,Rail Car,Schindler,1989,2000-09-17,LOC0022,Critical,Fair,140708
AST001102,Track Circuit,Schindler,2020,2024-06-10,LOC0020,High,Poor,413525
AST001103,Rail Car,Alstom,2011,2012-01-02,LOC0013,Low,Out of Service,139991
AST001104,Signal,Kawasaki,2020,2023-11-19,LOC0019,High,Good,168865
AST001105,Vent Fan,GE,2019,2016-07-13,LOC0010,High,Fair,301725
AST001106,Track Circuit,Siemens,2006,2015-03-02,LOC0001,High,Fair,338983
AST001107,Switch,CRRC,2020,1992-04-01,LOC0010,Critical,Fair,365273
AST001108,Track Circuit,Alstom,1997,1990-08-14,LOC0018,High,Fair,236539
AST001109,Vent Fan,Siemens,1985,1989-10-07,LOC0017,Low,Fair,329293
AST001110,Signal,Siemens,1986,2010-07-18,LOC0025,Low,Poor,361844
AST001111,Power Breaker,ABB,1988,1995-08-31,LOC0025,High,Good,280085
AST001112,Escalator,Alstom,1987,2025-08-01,LOC0007,Critical,Fair,228601
AST001113,Elevator,Bombardier,1995,1993-01-15,LOC0001,Low,Good,33206
AST001114,Vent Fan,Schindler,2008,2023-12-25,LOC0007,Low,Fair,339876
AST001115,Power Breaker,GE,2012,1992-01-11,LOC0022,High,Fair,256326
AST001116,Vent Fan,Siemens,2003,2003-01-17,LOC0021,Low,Poor,187958
AST001117,Signal,ABB,1989,2000-11-17,LOC0003,Low,Good,441665
AST001118,Elevator,Alstom,2010,1999-12-28,LOC0005,Critical,Fair,35825
AST001119,Rail Car,CRRC,1995,2008-01-31,LOC0015,High,Good,496605
AST001120,Rail Car,Hitachi,1985,1992-12-05,LOC0017,Critical,Good,246659
AST001121,Power Breaker,ABB,1993,1992-12-01,LOC0025,High,Good,297628
AST001122,Vent Fan,Siemens,1994,2014-05-27,LOC0019,Medium,Poor,190743
AST001123,Escalator,Alstom,1992,2025-08-18,LOC0006,Critical,Good,15000
AST001124,Rail Car,Hitachi,2013,1998-05-28,LOC0001,Medium,Out of Service,229059
AST001125,Rail Car,Siemens,2011,2023-05-31,LOC0016,Medium,Good,300212
AST001126,Track Circuit,Kawasaki,2008,2000-10-05,LOC0014,Critical,Fair,351434
AST001127,Track Circuit,CRRC,1988,1991-06-08,LOC0024,High,Fair,220295
AST001128,Track Circuit,CRRC,2013,2006-12-03,LOC0015,Critical,Fair,15000
AST001129,Signal,Hitachi,2007,1994-01-04,LOC0013,Low,Fair,18751
AST001130,Signal,Kawasaki,1990,1995-03-03,LOC0008,Critical,Fair,557803
AST001131,Elevator,Schindler,2006,2004-06-01,LOC0003,High,Poor,86120
AST001132,Rail Car,Siemens,1999,1990-08-24,LOC0022,High,Fair,464057
AST001133,Power Breaker,Siemens,1998,1993-06-12,LOC0021,Critical,Excellent,109887
AST001134,Rail Car,Schindler,1988,2011-11-26,LOC0005,Medium,Good,222632
AST001135,Signal,ABB,2001,2024-03-30,LOC0018,High,Fair,343781
AST001136,Signal,Siemens,1987,1993-07-05,LOC0010,High,Fair,126971
AST001137,Switch,CRRC,1989,2025-08-27,LOC0011,High,Fair,488832
AST001138,Vent Fan,Kawasaki,1988,2007-10-31,LOC0022,Critical,Fair,261359
AST001139,Switch,Schindler,2022,2015-03-29,LOC0022,High,Good,319128
AST001140,Rail Car,CRRC,1993,1995-06-26,LOC0005,Low,Fair,209859
AST001141,Power Breaker,CRRC,1995,2009-12-24,LOC0008,Low,Fair,348808
AST001142,Vent Fan,CRRC,1994,1990-11-25,LOC0021,Critical,Fair,486819
AST001143,Switch,Hitachi,2018,2011-10-11,LOC0023,Critical,Fair,230307
AST001144,Signal,Bombardier,2002,1995-09-08,LOC0002,Critical,Poor,509457
AST001145,Signal,Schindler,2020,2022-07-24,LOC0021,Low,Fair,158261
AST001146,Signal,Kawasaki,1993,1990-01-30,LOC0013,Medium,Poor,364614
AST001147,Switch,Bombardier,1988,1993-04-18,LOC0015,High,Excellent,323367
AST001148,Rail Car,Alstom,2002,2006-10-02,LOC0002,High,Fair,89713
AST001149,Power Breaker,ABB,1995,2024-10-05,LOC0018,Low,Fair,282071
AST001150,Rail Car,Alstom,2013,2012-10-07,LOC0017,High,Fair,251105
AST001151,Rail Car,Hitachi,2017,2002-02-18,LOC0017,Low,Good,122021
AST001152,Switch,ABB,1999,1991-04-27,LOC0020,Medium,Fair,303700
AST001153,Elevator,Bombardier,2023,2010-08-21,LOC0024,Medium,Good,271943
AST001154,Rail Car,Bombardier,2002,2004-10-03,LOC0022,Low,Poor,239112
AST001155,Power Breaker,GE,1992,1989-12-29,LOC0019,Low,Good,239713
AST001156,Vent Fan,GE,2000,2010-02-01,LOC0025,Critical,Good,236498
AST001157,Track Circuit,Schindler,1986,1995-12-24,LOC0017,High,Fair,194845
AST001158,Signal,CRRC,2013,1996-11-24,LOC0017,Critical,Good,270975
AST001159,Switch,CRRC,1987,1988-05-04,LOC0014,Medium,Excellent,153413
AST001160,Rail Car,Hitachi,1994,1996-04-17,LOC0020,Medium,Fair,648521
AST001161,Vent Fan,Alstom,2003,1990-09-23,LOC0002,Medium,Fair,38600
AST001162,Track Circuit,Kawasaki,1986,2004-07-02,LOC0013,High,Good,162290
AST001163,Elevator,GE,1987,1996-05-13,LOC0011,Medium,Fair,174139
AST001164,Rail Car,Alstom,2008,1993-02-04,LOC0023,High,Fair,556074
AST001165,Switch,Siemens,1986,2005-09-26,LOC0002,High,Fair,51980
AST001166,Track Circuit,ABB,1999,1990-05-27,LOC0017,Critical,Good,313888
AST001167,Escalator,GE,1995,2025-08-20,LOC0005,Medium,Good,287259
AST001168,Escalator,Schindler,1991,2005-11-23,LOC0023,Medium,Poor,300040
AST001169,Rail Car,Hitachi,1990,2025-11-09,LOC0022,Medium,Fair,435451
AST001170,Switch,Kawasaki,2011,2021-06-28,LOC0006,Low,Excellent,432374
AST001171,Escalator,Otis,2022,2025-03-23,LOC0022,High,Poor,182356
AST001172,Switch,ABB,1988,2008-08-15,LOC0013,Medium,Good,279103
AST001173,Power Breaker,Alstom,2022,2004-01-29,LOC0025,High,Fair,15000
AST001174,Switch,Schindler,2004,2015-05-10,LOC0019,Low,Fair,264864
AST001175,Signal,Otis,2006,1991-01-24,LOC0001,Critical,Poor,130902
AST001176,Rail Car,GE,2009,2019-12-05,LOC0006,Critical,Poor,222043
AST001177,Rail Car,Hitachi,2008,2000-04-17,LOC0011,Medium,Good,15000
AST001178,Rail Car,Schindler,2014,1988-04-12,LOC0006,Critical,Fair,310731
AST001179,Rail Car,GE,1999,1997-01-12,LOC0004,Medium,Good,15000
AST001180,Vent Fan,ABB,2001,1997-03-17,LOC0025,High,Fair,272243
AST001181,Rail Car,GE,1994,2013-05-28,LOC0022,Critical,Fair,66024
AST001182,Rail Car,GE,1987,1991-08-14,LOC0011,High,Excellent,122554
AST001183,Rail Car,Kawasaki,2007,2020-03-04,LOC0006,High,Excellent,423210
AST001184,Signal,ABB,1985,2005-03-21,LOC0005,Medium,Excellent,338188
AST001185,Rail Car,ABB,1993,2015-04-17,LOC0023,High,Good,422380
AST001186,Switch,Otis,1987,2000-11-27,LOC0009,High,Good,483959
AST001187,Rail Car,GE,1990,1993-01-05,LOC0001,Low,Poor,134074
AST001188,Signal,Alstom,2005,1994-11-08,LOC0010,Low,Fair,474846
AST001189,Vent Fan,Bombardier,2005,2012-07-17,LOC0012,High,Poor,30174
AST001190,Rail Car,Siemens,1997,2015-03-18,LOC0016,High,Poor,361915
AST001191,Power Breaker,Schindler,1987,1998-03-02,LOC0009,Medium,Fair,175999
AST001192,Rail Car,Hitachi,1998,2001-07-27,LOC0024,Critical,Good,110455
AST001193,Signal,Hitachi,1995,2023-11-29,LOC0017,High,Poor,342170
AST001194,Elevator,Siemens,2009,2020-05-15,LOC0025,Medium,Fair,391743
AST001195,Escalator,CRRC,2003,2003-09-11,LOC0010,Medium,Fair,387290
AST001196,Elevator,ABB,2000,1997-02-26,LOC0017,High,Poor,282229
AST001197,Rail Car,GE,2000,1999-06-14,LOC0010,High,Fair,269794
AST001198,Rail Car,Kawasaki,2023,2008-06-16,LOC0018,High,Fair,329030
AST001199,Power Breaker,Siemens,2011,2009-07-15,LOC0019,Medium,Poor,295565
AST001200,Rail Car,Schindler,2000,1994-12-30,LOC0009,High,Good,331203
